chance_of_playing_next_round,chance_of_playing_this_round,id,points_per_game,total_points,minutes,goals_scored,assists,clean_sheets,goals_conceded,yellow_cards,red_cards,bonus,bps,influence,creativity,threat,ict_index,clearances_blocks_interceptions,recoveries,tackles,defensive_contribution,expected_goals,expected_assists,expected_goal_involvements,expected_goals_conceded,expected_goals_per_90,saves_per_90,expected_assists_per_90,expected_goal_involvements_per_90,expected_goals_conceded_per_90,goals_conceded_per_90,starts_per_90,clean_sheets_per_90,defensive_contribution_per_90,full_name
,,1,6.0,18,270,0,0,2,1,1,0,3,78,82.6,10.0,0.0,9.2,1,28,0,0,0.0,0.02,0.02,2.21,0.0,3.33,0.01,0.01,0.74,0.33,1.0,0.67,0.0,David Raya Martin
,,2,0.0,0,0,0,0,0,0,0,0,0,0,0.0,0.0,0.0,0.0,0,0,0,0,0.0,0.0,0.0,0.0,0.0,0.0,0.0,0.0,0.0,0.0,0.0,0.0,0.0,Kepa Arrizabalaga Revuelta
0.0,0.0,3,0.0,0,0,0,0,0,0,0,0,0,0,0.0,0.0,0.0,0.0,0,0,0,0,0.0,0.0,0.0,0.0,0.0,0.0,0.0,0.0,0.0,0.0,0.0,0.0,0.0,Karl Hein
,,4,0.0,0,0,0,0,0,0,0,0,0,0,0.0,0.0,0.0,0.0,0,0,0,0,0.0,0.0,0.0,0.0,0.0,0.0,0.0,0.0,0.0,0.0,0.0,0.0,0.0,Tommy Setford
,,5,4.7,14,270,0,0,2,1,0,0,0,57,51.6,5.0,12.0,6.9,15,7,2,17,0.06,0.02,0.08,2.21,0.02,0.0,0.01,0.03,0.74,0.33,1.0,0.67,5.67,Gabriel dos Santos Magalhaes
75.0,,6,5.3,16,184,0,0,2,0,0,0,1,56,52.8,2.2,2.0,5.8,18,7,4,22,0.0,0.01,0.01,1.69,0.0,0.0,0.0,0.0,0.83,0.0,1.47,0.98,10.76,William Saliba
,,7,9.3,28,224,1,2,2,1,1,0,3,80,84.0,25.4,68.0,17.7,9,9,3,12,1.43,0.03,1.46,1.56,0.57,0.0,0.01,0.58,0.63,0.4,1.21,0.8,4.82,Riccardo Calafiori
,,8,8.7,26,172,2,1,1,1,1,0,3,72,109.4,41.2,86.0,23.7,8,6,8,16,0.9,0.1,1.0,1.35,0.47,0.0,0.05,0.52,0.71,0.52,1.05,0.52,8.37,Jurrien Timber
0.0,,9,0.0,0,0,0,0,0,0,0,0,0,0,0.0,0.0,0.0,0.0,0,0,0,0,0.0,0.0,0.0,0.0,0.0,0.0,0.0,0.0,0.0,0.0,0.0,0.0,0.0,Jakub Kiwior
,,10,0.5,1,44,0,0,0,0,1,0,0,6,4.4,3.7,0.0,0.8,1,2,1,2,0.0,0.0,0.0,0.66,0.0,0.0,0.0,0.0,1.35,0.0,0.0,0.0,4.09,Myles Lewis-Skelly
50.0,50.0,11,6.0,6,70,0,0,1,0,0,0,0,23,15.4,11.3,1.0,2.8,6,4,2,8,0.01,0.01,0.02,0.87,0.01,0.0,0.01,0.02,1.12,0.0,1.29,1.29,10.29,Benjamin White
,,13,0.0,0,0,0,0,0,0,0,0,0,0,0.0,0.0,0.0,0.0,0,0,0,0,0.0,0.0,0.0,0.0,0.0,0.0,0.0,0.0,0.0,0.0,0.0,0.0,0.0,Brayden Clarke
,,14,0.0,0,0,0,0,0,0,0,0,0,0,0.0,0.0,0.0,0.0,0,0,0,0,0.0,0.0,0.0,0.0,0.0,0.0,0.0,0.0,0.0,0.0,0.0,0.0,0.0,Maldini Kacurri
,,15,0.0,0,0,0,0,0,0,0,0,0,0,0.0,0.0,0.0,0.0,0,0,0,0,0.0,0.0,0.0,0.0,0.0,0.0,0.0,0.0,0.0,0.0,0.0,0.0,0.0,Josh Nichols
0.0,0.0,16,4.5,9,142,1,0,1,0,0,0,0,34,52.4,46.8,28.0,12.7,0,6,3,9,0.26,0.12,0.38,1.69,0.16,0.0,0.08,0.24,1.07,0.0,1.27,0.63,5.7,Bukayo Saka
100.0,50.0,17,2.3,7,147,0,0,1,1,0,0,0,24,20.8,26.9,22.0,7.0,6,9,2,17,0.14,0.35,0.49,1.94,0.09,0.0,0.21,0.3,1.19,0.61,1.22,0.61,10.41,Martin Odegaard
,,18,2.0,6,181,0,0,1,1,0,0,0,17,7.2,39.2,50.0,9.6,0,5,0,5,0.14,0.14,0.28,1.39,0.07,0.0,0.07,0.14,0.69,0.5,0.99,0.5,2.49,Noni Madueke
,,19,2.0,4,128,0,0,1,0,0,0,0,17,7.6,10.7,27.0,4.6,0,5,2,7,0.02,0.01,0.03,0.98,0.01,0.0,0.01,0.02,0.69,0.0,1.41,0.7,4.92,Gabriel Martinelli Silva
100.0,75.0,20,1.0,1,37,0,0,0,0,0,0,0,4,5.4,21.5,4.0,3.1,0,0,0,0,0.07,0.03,0.1,0.0,0.17,0.0,0.07,0.24,0.0,0.0,0.0,0.0,0.0,Leandro Trossard
,,21,5.3,16,262,0,2,2,1,0,0,0,53,41.0,74.0,13.0,12.8,7,13,0,20,0.15,0.65,0.8,1.73,0.05,0.0,0.22,0.27,0.59,0.34,1.03,0.69,6.87,Declan Rice
,,22,2.0,4,76,0,0,1,0,0,0,0,8,6.4,2.3,0.0,0.9,1,2,3,6,0.0,0.02,0.02,0.77,0.0,0.0,0.02,0.02,0.91,0.0,1.18,1.18,7.11,Mikel Merino Zazon
0.0,,23,0.0,0,0,0,0,0,0,0,0,0,0,0.0,0.0,0.0,0.0,0,0,0,0,0.0,0.0,0.0,0.0,0.0,0.0,0.0,0.0,0.0,0.0,0.0,0.0,0.0,Fabio Ferreira Vieira
50.0,50.0,24,0.0,0,0,0,0,0,0,0,0,0,0,0.0,0.0,0.0,0.0,0,0,0,0,0.0,0.0,0.0,0.0,0.0,0.0,0.0,0.0,0.0,0.0,0.0,0.0,0.0,Christian Norgaard
,,25,1.0,1,52,0,0,0,0,0,0,0,3,5.6,1.8,5.0,1.2,0,3,1,4,0.02,0.01,0.03,0.0,0.03,0.0,0.02,0.05,0.0,0.0,0.0,0.0,6.92,Ethan Nwaneri
,,26,3.0,9,270,0,0,2,1,1,0,0,31,23.8,11.4,8.0,4.3,6,15,6,27,0.05,0.05,0.1,2.21,0.02,0.0,0.02,0.04,0.74,0.33,1.0,0.67,9.0,Martin Zubimendi Ibanez
0.0,,28,0.0,0,0,0,0,0,0,0,0,0,0,0.0,0.0,0.0,0.0,0,0,0,0,0.0,0.0,0.0,0.0,0.0,0.0,0.0,0.0,0.0,0.0,0.0,0.0,0.0,Ismeal Kabia
0.0,,29,0.0,0,0,0,0,0,0,0,0,0,0,0.0,0.0,0.0,0.0,0,0,0,0,0.0,0.0,0.0,0.0,0.0,0.0,0.0,0.0,0.0,0.0,0.0,0.0,0.0,Albert Sambi Lokonga
0.0,0.0,30,1.0,1,30,0,0,0,0,0,0,0,4,2.8,0.8,2.0,0.6,1,2,0,3,0.0,0.01,0.01,0.82,0.0,0.0,0.03,0.03,2.46,0.0,0.0,0.0,9.0,Kai Havertz
0.0,0.0,31,0.0,0,0,0,0,0,0,0,0,0,0,0.0,0.0,0.0,0.0,0,0,0,0,0.0,0.0,0.0,0.0,0.0,0.0,0.0,0.0,0.0,0.0,0.0,0.0,0.0,Gabriel Fernando de Jesus
,,266,2.0,4,103,0,0,1,1,0,0,0,14,9.0,5.4,28.0,4.3,1,6,1,8,0.24,0.03,0.27,1.47,0.21,0.0,0.03,0.24,1.28,0.87,0.87,0.87,6.99,Eberechi Eze
,,662,1.5,3,111,0,0,0,1,0,0,0,21,30.0,0.8,2.0,3.3,5,3,6,11,0.0,0.0,0.0,0.52,0.0,0.0,0.0,0.0,0.42,0.81,0.0,0.0,8.92,Cristhian Mosquera
,,666,4.7,14,239,2,0,1,1,1,0,2,52,74.4,33.1,54.0,16.2,4,5,0,9,1.28,0.25,1.53,1.39,0.48,0.0,0.09,0.57,0.52,0.38,1.13,0.38,3.39,Viktor Gyokeres
,,700,2.5,5,27,0,1,0,0,0,0,0,13,1.0,0.8,26.0,2.8,0,1,2,3,0.14,0.02,0.16,0.12,0.47,0.0,0.07,0.54,0.4,0.0,0.0,0.0,10.0,Max Dowman
,,711,0.0,0,0,0,0,0,0,0,0,0,0,0.0,0.0,0.0,0.0,0,0,0,0,0.0,0.0,0.0,0.0,0.0,0.0,0.0,0.0,0.0,0.0,0.0,0.0,0.0,Andre Harriman-Annous
,,725,0.0,0,0,0,0,0,0,0,0,0,0,0.0,0.0,0.0,0.0,0,0,0,0,0.0,0.0,0.0,0.0,0.0,0.0,0.0,0.0,0.0,0.0,0.0,0.0,0.0,Piero Hincapie
100.0,100.0,32,2.0,2,90,0,0,0,1,0,0,0,15,12.8,0.0,0.0,1.3,0,10,0,0,0.0,0.01,0.01,1.21,0.0,1.0,0.01,0.01,1.21,1.0,1.0,0.0,0.0,Emiliano Martinez Romero
,,33,3.5,7,180,0,0,1,3,1,0,0,22,25.4,0.0,0.0,2.6,4,19,0,0,0.0,0.0,0.0,4.1,0.0,2.0,0.0,0.0,2.05,1.5,1.0,0.5,0.0,Marco Bizot
0.0,0.0,34,0.0,0,0,0,0,0,0,0,0,0,0,0.0,0.0,0.0,0.0,0,0,0,0,0.0,0.0,0.0,0.0,0.0,0.0,0.0,0.0,0.0,0.0,0.0,0.0,0.0,Joe Gauci
0.0,0.0,35,0.0,0,0,0,0,0,0,0,0,0,0,0.0,0.0,0.0,0.0,0,0,0,0,0.0,0.0,0.0,0.0,0.0,0.0,0.0,0.0,0.0,0.0,0.0,0.0,0.0,Filip Marschall
,,36,3.3,10,253,0,0,1,3,1,0,0,42,64.2,48.8,7.0,12.1,15,8,5,20,0.01,0.34,0.35,4.41,0.0,0.0,0.12,0.12,1.57,1.07,1.07,0.36,7.11,Matty Cash
,,37,3.0,9,160,0,0,1,1,0,0,0,33,18.4,14.9,6.0,3.9,6,5,3,9,0.0,0.17,0.17,2.92,0.0,0.0,0.1,0.1,1.64,0.56,1.12,0.56,5.06,Lucas Digne
100.0,100.0,38,2.0,4,155,0,0,1,3,0,1,0,18,20.2,15.4,4.0,4.0,8,6,0,8,0.0,0.04,0.04,3.78,0.0,0.0,0.02,0.02,2.19,1.74,1.16,0.58,4.65,Ezri Konsa Ngoyo
,,39,1.0,2,109,0,0,0,3,0,0,0,16,29.6,53.5,7.0,9.0,9,7,1,10,0.11,0.18,0.29,2.4,0.09,0.0,0.15,0.24,1.98,2.48,0.83,0.0,8.26,Ian Maatsen
,,40,3.0,9,270,0,0,1,4,0,0,0,38,45.0,18.1,15.0,7.9,13,10,1,14,0.11,0.05,0.16,5.31,0.04,0.0,0.02,0.06,1.77,1.33,1.0,0.33,4.67,Tyrone Mings
,,41,1.5,3,106,0,0,0,2,0,0,0,7,20.4,6.3,9.0,3.6,1,9,3,4,0.07,0.13,0.2,2.11,0.06,0.0,0.11,0.17,1.79,1.7,0.85,0.0,3.4,Pau Torres
25.0,25.0,42,0.0,0,0,0,0,0,0,0,0,0,0,0.0,0.0,0.0,0.0,0,0,0,0,0.0,0.0,0.0,0.0,0.0,0.0,0.0,0.0,0.0,0.0,0.0,0.0,0.0,Andres Garcia
0.0,0.0,43,0.0,0,0,0,0,0,0,0,0,0,0,0.0,0.0,0.0,0.0,0,0,0,0,0.0,0.0,0.0,0.0,0.0,0.0,0.0,0.0,0.0,0.0,0.0,0.0,0.0,Alex Moreno Lopera
,,44,0.5,1,22,0,0,0,0,1,0,0,0,0.2,4.0,2.0,0.5,0,0,0,0,0.0,0.03,0.03,0.49,0.0,0.0,0.12,0.12,2.0,0.0,0.0,0.0,0.0,Lamare Bogarde
,,45,0.0,0,0,0,0,0,0,0,0,0,0,0.0,0.0,0.0,0.0,0,0,0,0,0.0,0.0,0.0,0.0,0.0,0.0,0.0,0.0,0.0,0.0,0.0,0.0,0.0,Lino da Cruz Sousa
,,46,0.0,0,0,0,0,0,0,0,0,0,0,0.0,0.0,0.0,0.0,0,0,0,0,0.0,0.0,0.0,0.0,0.0,0.0,0.0,0.0,0.0,0.0,0.0,0.0,0.0,Yasin Ozcan
100.0,100.0,47,2.3,7,270,0,0,1,4,0,0,0,19,21.0,46.3,42.0,10.9,3,10,2,15,0.14,0.21,0.35,5.31,0.05,0.0,0.07,0.12,1.77,1.33,1.0,0.33,5.0,Morgan Rogers
,,48,2.3,7,270,0,0,1,4,0,0,0,36,30.8,71.9,29.0,13.2,4,9,4,17,0.13,0.35,0.48,5.31,0.04,0.0,0.12,0.16,1.77,1.33,1.0,0.33,5.67,Youri Tielemans
0.0,0.0,49,0.0,0,0,0,0,0,0,0,0,0,0,0.0,0.0,0.0,0.0,0,0,0,0,0.0,0.0,0.0,0.0,0.0,0.0,0.0,0.0,0.0,0.0,0.0,0.0,0.0,Leon Bailey
,,50,1.0,2,103,0,0,0,2,0,0,0,8,12.2,46.3,21.0,8.0,3,3,4,10,0.21,0.32,0.53,1.23,0.18,0.0,0.28,0.46,1.07,1.75,0.0,0.0,8.74,Emiliano Buendia Stati
,,51,0.0,0,0,0,0,0,0,0,0,0,0,0.0,0.0,0.0,0.0,0,0,0,0,0.0,0.0,0.0,0.0,0.0,0.0,0.0,0.0,0.0,0.0,0.0,0.0,0.0,Samuel Iling-Junior
,,53,1.3,4,114,0,0,0,3,0,0,0,8,3.4,9.0,24.0,3.4,0,4,0,4,0.21,0.04,0.25,2.5,0.17,0.0,0.03,0.2,1.97,2.37,0.79,0.0,3.16,Donyell Malen
,,54,2.3,7,229,0,0,1,3,0,0,0,42,30.6,64.3,21.0,11.6,3,12,2,17,0.05,0.33,0.38,4.21,0.02,0.0,0.13,0.15,1.65,1.18,1.18,0.39,6.68,John McGinn
25.0,25.0,55,0.0,0,0,0,0,0,0,0,0,0,0,0.0,0.0,0.0,0.0,0,0,0,0,0.0,0.0,0.0,0.0,0.0,0.0,0.0,0.0,0.0,0.0,0.0,0.0,0.0,Ross Barkley
0.0,0.0,56,0.0,0,0,0,0,0,0,0,0,0,0,0.0,0.0,0.0,0.0,0,0,0,0,0.0,0.0,0.0,0.0,0.0,0.0,0.0,0.0,0.0,0.0,0.0,0.0,0.0,Enzo Barrenechea
0.0,0.0,57,0.0,0,0,0,0,0,0,0,0,0,0,0.0,0.0,0.0,0.0,0,0,0,0,0.0,0.0,0.0,0.0,0.0,0.0,0.0,0.0,0.0,0.0,0.0,0.0,0.0,Lewis Dobbin
50.0,50.0,58,1.5,3,105,0,0,1,1,1,0,0,18,15.4,3.0,19.0,3.7,3,6,3,12,0.05,0.03,0.08,2.26,0.04,0.0,0.03,0.07,1.94,0.86,1.71,0.86,10.29,Boubacar Kamara
50.0,50.0,59,3.0,6,153,0,0,1,1,1,0,0,29,34.0,6.2,16.0,5.6,9,10,4,23,0.23,0.05,0.28,2.54,0.14,0.0,0.03,0.17,1.49,0.59,1.18,0.59,13.53,Amadou Onana
,,60,0.0,0,0,0,0,0,0,0,0,0,0,0.0,0.0,0.0,0.0,0,0,0,0,0.0,0.0,0.0,0.0,0.0,0.0,0.0,0.0,0.0,0.0,0.0,0.0,0.0,Ben Broggio
0.0,0.0,61,0.0,0,0,0,0,0,0,0,0,0,0,0.0,0.0,0.0,0.0,0,0,0,0,0.0,0.0,0.0,0.0,0.0,0.0,0.0,0.0,0.0,0.0,0.0,0.0,0.0,Leander Dendoncker
,,62,0.0,0,0,0,0,0,0,0,0,0,0,0.0,0.0,0.0,0.0,0,0,0,0,0.0,0.0,0.0,0.0,0.0,0.0,0.0,0.0,0.0,0.0,0.0,0.0,0.0,Jamaldeen Jimoh-Aloba
,,63,0.0,0,0,0,0,0,0,0,0,0,0,0.0,0.0,0.0,0.0,0,0,0,0,0.0,0.0,0.0,0.0,0.0,0.0,0.0,0.0,0.0,0.0,0.0,0.0,0.0,Kadan Young
,,64,2.0,6,270,0,0,1,4,0,0,0,22,16.2,38.1,92.0,14.7,2,6,2,10,1.13,0.13,1.26,5.31,0.38,0.0,0.04,0.42,1.77,1.33,1.0,0.33,3.33,Ollie Watkins
0.0,,65,0.0,0,0,0,0,0,0,0,0,0,0,0.0,0.0,0.0,0.0,0,0,0,0,0.0,0.0,0.0,0.0,0.0,0.0,0.0,0.0,0.0,0.0,0.0,0.0,0.0,Zepiqueno Redmond
,,389,1.0,1,1,0,0,0,0,0,0,0,2,0.2,0.8,0.0,0.1,0,0,0,0,0.0,0.0,0.0,0.0,0.0,0.0,0.0,0.0,0.0,0.0,0.0,0.0,0.0,Harvey Elliott
,,456,0.0,0,0,0,0,0,0,0,0,0,0,0.0,0.0,0.0,0.0,0,0,0,0,0.0,0.0,0.0,0.0,0.0,0.0,0.0,0.0,0.0,0.0,0.0,0.0,0.0,Jadon Sancho
,,677,1.0,2,60,0,0,0,1,0,0,0,4,6.6,3.2,19.0,2.8,0,4,2,6,0.07,0.01,0.08,1.83,0.1,0.0,0.02,0.12,2.74,1.5,1.5,0.0,9.0,Evann Guessand
,,688,0.0,0,0,0,0,0,0,0,0,0,0,0.0,0.0,0.0,0.0,0,0,0,0,0.0,0.0,0.0,0.0,0.0,0.0,0.0,0.0,0.0,0.0,0.0,0.0,0.0,James Wright
,,701,0.0,0,0,0,0,0,0,0,0,0,0,0.0,0.0,0.0,0.0,0,0,0,0,0.0,0.0,0.0,0.0,0.0,0.0,0.0,0.0,0.0,0.0,0.0,0.0,0.0,Triston Rowe
,,702,1.0,1,16,0,0,0,1,0,0,0,3,0.0,0.3,0.0,0.0,0,1,0,1,0.0,0.0,0.0,0.9,0.0,0.0,0.0,0.0,5.06,5.62,0.0,0.0,5.62,Bradley Burrowes
,,703,0.0,0,0,0,0,0,0,0,0,0,0,0.0,0.0,0.0,0.0,0,0,0,0,0.0,0.0,0.0,0.0,0.0,0.0,0.0,0.0,0.0,0.0,0.0,0.0,0.0,Sam Proctor
,,710,0.0,0,0,0,0,0,0,0,0,0,0,0.0,0.0,0.0,0.0,0,0,0,0,0.0,0.0,0.0,0.0,0.0,0.0,0.0,0.0,0.0,0.0,0.0,0.0,0.0,Travis Patterson
,,719,0.0,0,0,0,0,0,0,0,0,0,0,0.0,0.0,0.0,0.0,0,0,0,0,0.0,0.0,0.0,0.0,0.0,0.0,0.0,0.0,0.0,0.0,0.0,0.0,0.0,Victor Lindelof
,,183,0.0,0,0,0,0,0,0,0,0,0,0,0.0,0.0,0.0,0.0,0,0,0,0,0.0,0.0,0.0,0.0,0.0,0.0,0.0,0.0,0.0,0.0,0.0,0.0,0.0,Max Weiss
0.0,,184,0.0,0,0,0,0,0,0,0,0,0,0,0.0,0.0,0.0,0.0,0,0,0,0,0.0,0.0,0.0,0.0,0.0,0.0,0.0,0.0,0.0,0.0,0.0,0.0,0.0,Etienne Green
,,185,0.0,0,0,0,0,0,0,0,0,0,0,0.0,0.0,0.0,0.0,0,0,0,0,0.0,0.0,0.0,0.0,0.0,0.0,0.0,0.0,0.0,0.0,0.0,0.0,0.0,Vaclav Hladky
0.0,0.0,186,0.0,0,0,0,0,0,0,0,0,0,0,0.0,0.0,0.0,0.0,0,0,0,0,0.0,0.0,0.0,0.0,0.0,0.0,0.0,0.0,0.0,0.0,0.0,0.0,0.0,Connor Roberts
,,187,2.3,7,270,0,0,1,6,1,0,0,22,39.0,7.3,1.0,4.8,15,13,4,19,0.01,0.14,0.15,6.72,0.0,0.0,0.05,0.05,2.24,2.0,1.0,0.33,6.33,Kyle Walker
,,188,0.0,0,0,0,0,0,0,0,0,0,0,0.0,0.0,0.0,0.0,0,0,0,0,0.0,0.0,0.0,0.0,0.0,0.0,0.0,0.0,0.0,0.0,0.0,0.0,0.0,Hannes Delcroix
0.0,0.0,189,0.0,0,0,0,0,0,0,0,0,0,0,0.0,0.0,0.0,0.0,0,0,0,0,0.0,0.0,0.0,0.0,0.0,0.0,0.0,0.0,0.0,0.0,0.0,0.0,0.0,Owen Dodgson
,,190,4.3,13,262,0,0,1,5,0,0,1,40,66.2,15.1,14.0,9.5,27,10,4,31,0.0,0.01,0.01,5.66,0.0,0.0,0.0,0.0,1.94,1.72,1.03,0.34,10.65,Hjalmar Ekdal
,,191,2.7,8,262,0,0,1,6,0,0,0,27,56.8,1.8,19.0,7.8,21,4,2,23,0.05,0.01,0.06,6.61,0.02,0.0,0.0,0.02,2.27,2.06,1.03,0.34,7.9,Maxime Esteve
,,192,2.7,8,270,0,0,1,6,0,0,0,26,52.8,20.8,11.0,8.4,15,8,8,23,0.09,0.08,0.17,6.72,0.03,0.0,0.03,0.06,2.24,2.0,1.0,0.33,7.67,Quilindschy Hartman
100.0,100.0,193,0.0,0,0,0,0,0,0,0,0,0,0,0.0,0.0,0.0,0.0,0,0,0,0,0.0,0.0,0.0,0.0,0.0,0.0,0.0,0.0,0.0,0.0,0.0,0.0,0.0,Bashir Humphreys
0.0,0.0,194,0.0,0,0,0,0,0,0,0,0,0,0,0.0,0.0,0.0,0.0,0,0,0,0,0.0,0.0,0.0,0.0,0.0,0.0,0.0,0.0,0.0,0.0,0.0,0.0,0.0,Jordan Beyer
,,195,0.0,0,0,0,0,0,0,0,0,0,0,0.0,0.0,0.0,0.0,0,0,0,0,0.0,0.0,0.0,0.0,0.0,0.0,0.0,0.0,0.0,0.0,0.0,0.0,0.0,Lucas Pires Silva
0.0,0.0,196,0.0,0,0,0,0,0,0,0,0,0,0,0.0,0.0,0.0,0.0,0,0,0,0,0.0,0.0,0.0,0.0,0.0,0.0,0.0,0.0,0.0,0.0,0.0,0.0,0.0,Shurandy Sambo
,,197,1.0,3,102,0,0,0,4,0,0,0,-2,7.6,16.4,6.0,3.0,1,3,1,2,0.03,0.08,0.11,3.31,0.03,0.0,0.07,0.1,2.92,3.53,0.88,0.0,1.76,Oliver Sonne
100.0,100.0,198,0.0,0,0,0,0,0,0,0,0,0,0,0.0,0.0,0.0,0.0,0,0,0,0,0.0,0.0,0.0,0.0,0.0,0.0,0.0,0.0,0.0,0.0,0.0,0.0,0.0,Axel Tuanzebe
,,199,1.0,2,14,0,0,0,1,0,0,0,7,9.0,0.0,0.0,0.9,4,1,1,5,0.0,0.0,0.0,1.17,0.0,0.0,0.0,0.0,7.52,6.43,0.0,0.0,32.14,Joe Worrall
,,200,7.0,21,264,2,1,1,6,1,0,2,69,106.2,41.6,95.0,24.3,5,13,3,21,1.59,0.39,1.98,6.72,0.54,0.0,0.13,0.67,2.29,2.05,1.02,0.34,7.16,Jaidon Anthony
,,201,0.0,0,0,0,0,0,0,0,0,0,0,0.0,0.0,0.0,0.0,0,0,0,0,0.0,0.0,0.0,0.0,0.0,0.0,0.0,0.0,0.0,0.0,0.0,0.0,0.0,Manuel Benson Hedilazio
,,202,3.0,9,176,0,1,1,3,0,0,0,30,32.8,29.1,20.0,8.0,6,6,1,13,0.05,0.34,0.39,4.09,0.03,0.0,0.17,0.2,2.09,1.53,1.02,0.51,6.65,Jacob Bruun Larsen
,,203,0.0,0,0,0,0,0,0,0,0,0,0,0.0,0.0,0.0,0.0,0,0,0,0,0.0,0.0,0.0,0.0,0.0,0.0,0.0,0.0,0.0,0.0,0.0,0.0,0.0,Enock Agyei
0.0,,204,0.0,0,0,0,0,0,0,0,0,0,0,0.0,0.0,0.0,0.0,0,0,0,0,0.0,0.0,0.0,0.0,0.0,0.0,0.0,0.0,0.0,0.0,0.0,0.0,0.0,Darko Churlinov
,,205,6.7,20,270,1,1,1,6,0,0,3,77,105.0,79.7,21.0,20.6,14,13,6,33,0.08,0.52,0.6,6.72,0.03,0.0,0.17,0.2,2.24,2.0,1.0,0.33,11.0,Josh Cullen
,,206,1.0,1,5,0,0,0,0,0,0,0,3,0.0,0.0,0.0,0.0,0,0,0,0,0.0,0.0,0.0,0.0,0.0,0.0,0.0,0.0,0.0,0.0,0.0,0.0,0.0,Marcus Edwards
,,207,3.0,9,208,0,0,1,4,0,0,0,26,12.0,26.3,13.0,5.1,3,9,5,17,0.16,0.13,0.29,4.45,0.07,0.0,0.06,0.13,1.93,1.73,1.3,0.43,7.36,Hannibal Mejbri
0.0,0.0,208,0.0,0,0,0,0,0,0,0,0,0,0,0.0,0.0,0.0,0.0,0,0,0,0,0.0,0.0,0.0,0.0,0.0,0.0,0.0,0.0,0.0,0.0,0.0,0.0,0.0,Luca Koleosho
,,209,1.0,3,97,0,0,0,3,1,0,0,16,23.8,12.1,22.0,5.9,7,5,2,14,0.11,0.13,0.24,2.7,0.1,0.0,0.12,0.22,2.51,2.78,0.93,0.0,12.99,Josh Laurent
,,210,1.7,5,48,0,1,0,1,1,0,0,19,7.8,6.7,20.0,3.5,0,3,2,5,0.21,0.04,0.25,1.59,0.39,0.0,0.08,0.47,2.98,1.88,0.0,0.0,9.38,Loum Tchaouna
0.0,,211,0.0,0,0,0,0,0,0,0,0,0,0,0.0,0.0,0.0,0.0,0,0,0,0,0.0,0.0,0.0,0.0,0.0,0.0,0.0,0.0,0.0,0.0,0.0,0.0,0.0,Aaron Ramsey
0.0,0.0,212,0.0,0,0,0,0,0,0,0,0,0,0,0.0,0.0,0.0,0.0,0,0,0,0,0.0,0.0,0.0,0.0,0.0,0.0,0.0,0.0,0.0,0.0,0.0,0.0,0.0,Oluwaseun Adewumi
,,213,0.0,0,0,0,0,0,0,0,0,0,0,0.0,0.0,0.0,0.0,0,0,0,0,0.0,0.0,0.0,0.0,0.0,0.0,0.0,0.0,0.0,0.0,0.0,0.0,0.0,Jaydon Banel
,,214,0.0,0,0,0,0,0,0,0,0,0,0,0.0,0.0,0.0,0.0,0,0,0,0,0.0,0.0,0.0,0.0,0.0,0.0,0.0,0.0,0.0,0.0,0.0,0.0,0.0,Mike Tresor Ndayishimiye
,,215,1.0,2,20,0,0,0,0,0,0,0,6,2.2,10.0,2.0,1.4,0,0,0,0,0.0,0.0,0.0,0.34,0.0,0.0,0.0,0.0,1.53,0.0,0.0,0.0,0.0,Zian Flemming
0.0,0.0,216,0.0,0,0,0,0,0,0,0,0,0,0,0.0,0.0,0.0,0.0,0,0,0,0,0.0,0.0,0.0,0.0,0.0,0.0,0.0,0.0,0.0,0.0,0.0,0.0,0.0,Zeki Amdouni
,,217,3.3,10,248,1,0,1,6,1,0,1,40,45.8,29.6,39.0,11.5,3,8,3,14,0.73,0.05,0.78,6.38,0.26,0.0,0.02,0.28,2.32,2.18,1.09,0.36,5.08,Lyle Foster
,,218,0.0,0,0,0,0,0,0,0,0,0,0,0.0,0.0,0.0,0.0,0,0,0,0,0.0,0.0,0.0,0.0,0.0,0.0,0.0,0.0,0.0,0.0,0.0,0.0,0.0,Ashley Barnes
0.0,,219,0.0,0,0,0,0,0,0,0,0,0,0,0.0,0.0,0.0,0.0,0,0,0,0,0.0,0.0,0.0,0.0,0.0,0.0,0.0,0.0,0.0,0.0,0.0,0.0,0.0,Michael Obafemi
100.0,100.0,470,3.3,10,270,0,0,1,6,0,0,0,38,71.8,0.0,0.0,7.2,4,24,0,0,0.0,0.0,0.0,6.72,0.0,3.0,0.0,0.0,2.24,2.0,1.0,0.33,0.0,Martin Dubravka
100.0,100.0,676,2.0,6,170,0,0,1,3,0,0,0,20,16.4,18.7,8.0,4.1,3,6,6,15,0.07,0.02,0.09,4.02,0.04,0.0,0.01,0.05,2.13,1.59,1.06,0.53,7.94,Lesley Ugochukwu
100.0,100.0,680,0.0,0,0,0,0,0,0,0,0,0,0,0.0,0.0,0.0,0.0,0,0,0,0,0.0,0.0,0.0,0.0,0.0,0.0,0.0,0.0,0.0,0.0,0.0,0.0,0.0,Armando Broja
,,722,0.0,0,0,0,0,0,0,0,0,0,0,0.0,0.0,0.0,0.0,0,0,0,0,0.0,0.0,0.0,0.0,0.0,0.0,0.0,0.0,0.0,0.0,0.0,0.0,0.0,Florentino Ibrain Morris Luis
0.0,0.0,66,0.0,0,0,0,0,0,0,0,0,0,0,0.0,0.0,0.0,0.0,0,0,0,0,0.0,0.0,0.0,0.0,0.0,0.0,0.0,0.0,0.0,0.0,0.0,0.0,0.0,Norberto Murara Neto
,,67,4.3,13,270,0,0,2,4,1,0,0,55,70.4,0.0,0.0,7.0,8,23,0,0,0.0,0.0,0.0,2.86,0.0,2.67,0.0,0.0,0.95,1.33,1.0,0.67,0.0,Dorde Petrovic
,,68,0.0,0,0,0,0,0,0,0,0,0,0,0.0,0.0,0.0,0.0,0,0,0,0,0.0,0.0,0.0,0.0,0.0,0.0,0.0,0.0,0.0,0.0,0.0,0.0,0.0,Will Dennis
,,69,0.0,0,0,0,0,0,0,0,0,0,0,0.0,0.0,0.0,0.0,0,0,0,0,0.0,0.0,0.0,0.0,0.0,0.0,0.0,0.0,0.0,0.0,0.0,0.0,0.0,Callan McKenna
0.0,0.0,70,0.0,0,0,0,0,0,0,0,0,0,0,0.0,0.0,0.0,0.0,0,0,0,0,0.0,0.0,0.0,0.0,0.0,0.0,0.0,0.0,0.0,0.0,0.0,0.0,0.0,Alex Paulsen
0.0,0.0,71,0.0,0,0,0,0,0,0,0,0,0,0,0.0,0.0,0.0,0.0,0,0,0,0,0.0,0.0,0.0,0.0,0.0,0.0,0.0,0.0,0.0,0.0,0.0,0.0,0.0,Illia Zabarnyi
,,72,8.3,25,270,0,1,2,4,0,0,4,74,89.0,26.2,10.0,12.5,37,12,6,43,0.14,0.09,0.23,2.86,0.05,0.0,0.03,0.08,0.95,1.33,1.0,0.67,14.33,Marcos Senesi Baron
50.0,,73,2.7,8,204,0,0,1,3,0,0,0,28,17.8,14.0,4.0,3.6,10,3,1,11,0.0,0.09,0.09,2.56,0.0,0.0,0.04,0.04,1.13,1.32,1.32,0.44,4.85,Adam Smith
,,74,4.3,13,270,0,0,2,4,0,0,1,51,56.0,57.4,7.0,12.0,12,8,7,19,0.01,0.27,0.28,2.86,0.0,0.0,0.09,0.09,0.95,1.33,1.0,0.67,6.33,Adrien Truffert
,,75,0.0,0,0,0,0,0,0,0,0,0,0,0.0,0.0,0.0,0.0,0,0,0,0,0.0,0.0,0.0,0.0,0.0,0.0,0.0,0.0,0.0,0.0,0.0,0.0,0.0,Matai Akinmboni
,,76,0.0,0,0,0,0,0,0,0,0,0,0,0.0,0.0,0.0,0.0,0,0,0,0,0.0,0.0,0.0,0.0,0.0,0.0,0.0,0.0,0.0,0.0,0.0,0.0,0.0,Owen Bevan
,,77,2.3,7,67,0,0,1,1,1,0,0,20,11.0,1.0,4.0,1.6,7,4,0,7,0.0,0.0,0.0,0.36,0.0,0.0,0.0,0.0,0.48,1.34,0.0,1.34,9.4,James Hill
100.0,0.0,78,0.0,0,0,0,0,0,0,0,0,0,0,0.0,0.0,0.0,0.0,0,0,0,0,0.0,0.0,0.0,0.0,0.0,0.0,0.0,0.0,0.0,0.0,0.0,0.0,0.0,Julian Araujo Zuniga
0.0,,79,0.0,0,0,0,0,0,0,0,0,0,0,0.0,0.0,0.0,0.0,0,0,0,0,0.0,0.0,0.0,0.0,0.0,0.0,0.0,0.0,0.0,0.0,0.0,0.0,0.0,Chris Mepham
,,80,0.0,0,0,0,0,0,0,0,0,0,0,0.0,0.0,0.0,0.0,0,0,0,0,0.0,0.0,0.0,0.0,0.0,0.0,0.0,0.0,0.0,0.0,0.0,0.0,0.0,Julio Soler Barreto
100.0,100.0,81,1.0,2,21,0,0,0,0,0,0,0,2,0.8,14.6,9.0,2.4,0,1,0,1,0.11,0.01,0.12,0.13,0.47,0.0,0.04,0.51,0.56,0.0,0.0,0.0,4.29,Justin Kluivert
,,82,7.7,23,270,2,1,2,4,1,0,3,57,98.2,60.7,107.0,26.6,1,16,3,20,1.8,0.15,1.95,2.86,0.6,0.0,0.05,0.65,0.95,1.33,1.0,0.67,6.67,Antoine Semenyo
,,84,6.0,18,247,1,0,2,4,0,0,3,56,71.8,35.9,80.0,18.8,9,14,6,29,0.82,0.32,1.14,2.74,0.3,0.0,0.12,0.42,1.0,1.46,1.09,0.73,10.57,Marcus Tavernier
,,85,3.3,10,267,0,0,2,3,2,0,0,42,53.0,8.8,28.0,9.0,15,16,9,40,0.06,0.12,0.18,2.7,0.02,0.0,0.04,0.06,0.91,1.01,1.01,0.67,13.48,Tyler Adams
,,86,3.7,11,212,0,1,2,2,1,0,1,58,54.0,89.6,70.0,21.4,2,8,6,16,0.7,1.18,1.88,2.32,0.3,0.0,0.5,0.8,0.98,0.85,1.27,0.85,6.79,David Brooks
100.0,100.0,87,1.0,2,51,0,0,0,0,0,0,0,13,14.8,13.4,7.0,3.6,3,4,4,11,0.06,0.02,0.08,0.24,0.11,0.0,0.04,0.15,0.42,0.0,0.0,0.0,19.41,Ryan Christie
0.0,0.0,88,0.0,0,0,0,0,0,0,0,0,0,0,0.0,0.0,0.0,0.0,0,0,0,0,0.0,0.0,0.0,0.0,0.0,0.0,0.0,0.0,0.0,0.0,0.0,0.0,0.0,Lewis Cook
0.0,0.0,89,0.0,0,0,0,0,0,0,0,0,0,0,0.0,0.0,0.0,0.0,0,0,0,0,0.0,0.0,0.0,0.0,0.0,0.0,0.0,0.0,0.0,0.0,0.0,0.0,0.0,Philip Billing
,,90,2.3,7,200,0,0,2,2,1,0,0,31,21.6,46.4,12.0,8.0,5,6,5,16,0.1,0.16,0.26,2.23,0.04,0.0,0.07,0.11,1.0,0.9,1.35,0.9,7.2,Alex Scott
0.0,0.0,91,0.0,0,0,0,0,0,0,0,0,0,0,0.0,0.0,0.0,0.0,0,0,0,0,0.0,0.0,0.0,0.0,0.0,0.0,0.0,0.0,0.0,0.0,0.0,0.0,0.0,Luis Sinisterra Lucumi
,,92,0.0,0,0,0,0,0,0,0,0,0,0,0.0,0.0,0.0,0.0,0,0,0,0,0.0,0.0,0.0,0.0,0.0,0.0,0.0,0.0,0.0,0.0,0.0,0.0,0.0,Romain Faivre
0.0,,93,4.0,4,16,0,1,0,2,0,0,0,12,21.2,10.0,0.0,3.1,1,2,1,4,0.0,0.0,0.0,0.4,0.0,0.0,0.0,0.0,2.25,11.25,0.0,0.0,22.5,Hamed Traore
,,94,0.0,0,0,0,0,0,0,0,0,0,0,0.0,0.0,0.0,0.0,0,0,0,0,0.0,0.0,0.0,0.0,0.0,0.0,0.0,0.0,0.0,0.0,0.0,0.0,0.0,Dominic Sadi
,,95,0.0,0,0,0,0,0,0,0,0,0,0,0.0,0.0,0.0,0.0,0,0,0,0,0.0,0.0,0.0,0.0,0.0,0.0,0.0,0.0,0.0,0.0,0.0,0.0,0.0,Zain Silcott-Duberry
0.0,,96,1.0,1,6,0,0,0,2,0,0,0,3,0.0,0.0,0.0,0.0,0,0,0,0,0.0,0.0,0.0,0.31,0.0,0.0,0.0,0.0,4.65,30.0,0.0,0.0,0.0,Ben Winterburn
,,97,3.7,11,257,1,0,2,4,1,0,2,46,47.0,67.8,84.0,19.7,5,6,0,11,0.79,0.08,0.87,2.74,0.28,0.0,0.03,0.31,0.96,1.4,1.05,0.7,3.85,Francisco Evanilson de Lima Barbosa
0.0,0.0,98,0.0,0,0,0,0,0,0,0,0,0,0,0.0,0.0,0.0,0.0,0,0,0,0,0.0,0.0,0.0,0.0,0.0,0.0,0.0,0.0,0.0,0.0,0.0,0.0,0.0,Enes Unal
,,99,0.0,0,0,0,0,0,0,0,0,0,0,0.0,0.0,0.0,0.0,0,0,0,0,0.0,0.0,0.0,0.0,0.0,0.0,0.0,0.0,0.0,0.0,0.0,0.0,0.0,Daniel Adu-Adjei
,,100,1.0,3,12,0,0,0,1,0,0,0,8,0.0,0.0,2.0,0.2,0,1,0,1,0.0,0.0,0.0,0.24,0.0,0.0,0.0,0.0,1.8,7.5,0.0,0.0,7.5,Eli Junior Kroupi
,,391,0.0,0,0,0,0,0,0,0,0,0,0,0.0,0.0,0.0,0.0,0,0,0,0,0.0,0.0,0.0,0.0,0.0,0.0,0.0,0.0,0.0,0.0,0.0,0.0,0.0,Ben Gannon-Doak
,,685,5.3,16,270,0,0,2,4,0,0,2,58,51.0,12.0,2.0,6.5,21,14,5,26,0.0,0.01,0.01,2.86,0.0,0.0,0.0,0.0,0.95,1.33,1.0,0.67,8.67,Bafode Diakite
,,687,0.0,0,0,0,0,0,0,0,0,0,0,0.0,0.0,0.0,0.0,0,0,0,0,0.0,0.0,0.0,0.0,0.0,0.0,0.0,0.0,0.0,0.0,0.0,0.0,0.0,Remy Rees-Dottin
,,697,1.0,2,50,0,0,0,0,0,0,0,16,23.2,25.5,2.0,5.0,3,7,7,17,0.0,0.03,0.03,0.24,0.0,0.0,0.05,0.05,0.43,0.0,0.0,0.0,30.6,Amine Adli
,,713,0.0,0,0,0,0,0,0,0,0,0,0,0.0,0.0,0.0,0.0,0,0,0,0,0.0,0.0,0.0,0.0,0.0,0.0,0.0,0.0,0.0,0.0,0.0,0.0,0.0,Alex Jimenez Sanchez
,,721,0.0,0,0,0,0,0,0,0,0,0,0,0.0,0.0,0.0,0.0,0,0,0,0,0.0,0.0,0.0,0.0,0.0,0.0,0.0,0.0,0.0,0.0,0.0,0.0,0.0,Veljko Milosavljevic
,,27,0.0,0,0,0,0,0,0,0,0,0,0,0.0,0.0,0.0,0.0,0,0,0,0,0.0,0.0,0.0,0.0,0.0,0.0,0.0,0.0,0.0,0.0,0.0,0.0,0.0,Reiss Nelson
100.0,100.0,83,7.5,15,173,1,0,1,2,0,0,3,39,57.6,4.4,75.0,13.7,9,9,4,22,0.85,0.02,0.87,2.64,0.44,0.0,0.01,0.45,1.37,1.04,1.04,0.52,11.45,Dango Ouattara
100.0,100.0,101,2.3,7,270,0,0,1,5,1,0,0,27,34.6,0.0,0.0,3.5,5,25,0,0,0.0,0.01,0.01,4.59,0.0,1.67,0.0,0.0,1.53,1.67,1.0,0.33,0.0,Caoimhin Kelleher
,,102,0.0,0,0,0,0,0,0,0,0,0,0,0.0,0.0,0.0,0.0,0,0,0,0,0.0,0.0,0.0,0.0,0.0,0.0,0.0,0.0,0.0,0.0,0.0,0.0,0.0,Ellery Balcombe
,,103,0.0,0,0,0,0,0,0,0,0,0,0,0.0,0.0,0.0,0.0,0,0,0,0,0.0,0.0,0.0,0.0,0.0,0.0,0.0,0.0,0.0,0.0,0.0,0.0,0.0,Matthew Cox
,,104,0.0,0,0,0,0,0,0,0,0,0,0,0.0,0.0,0.0,0.0,0,0,0,0,0.0,0.0,0.0,0.0,0.0,0.0,0.0,0.0,0.0,0.0,0.0,0.0,0.0,Julian Eyestone
,,105,0.0,0,0,0,0,0,0,0,0,0,0,0.0,0.0,0.0,0.0,0,0,0,0,0.0,0.0,0.0,0.0,0.0,0.0,0.0,0.0,0.0,0.0,0.0,0.0,0.0,Hakon Rafn Valdimarsson
,,106,4.0,12,270,0,0,1,5,1,0,1,37,55.8,0.9,13.0,7.0,27,15,2,29,0.02,0.01,0.03,4.59,0.01,0.0,0.0,0.01,1.53,1.67,1.0,0.33,9.67,Nathan Collins
,,107,4.3,13,229,0,0,2,3,0,0,0,37,22.2,5.6,9.0,3.7,9,11,5,14,0.12,0.0,0.12,3.53,0.05,0.0,0.0,0.05,1.39,1.18,1.18,0.79,5.5,Keane Lewis-Potter
,,108,1.0,1,5,0,0,0,0,0,0,0,3,1.4,0.1,0.0,0.2,1,0,0,1,0.0,0.0,0.0,0.1,0.0,0.0,0.0,0.0,1.8,0.0,0.0,0.0,18.0,Kristoffer Ajer
,,109,0.3,1,111,0,0,0,5,1,0,0,-4,10.6,11.8,8.0,2.9,4,4,2,6,0.03,0.06,0.09,3.02,0.02,0.0,0.05,0.07,2.45,4.05,0.81,0.0,4.86,Rico Henry
,,110,4.0,12,264,0,0,1,5,0,0,2,36,57.6,23.1,4.0,8.5,12,9,8,20,0.0,0.1,0.1,4.5,0.0,0.0,0.03,0.03,1.53,1.7,1.02,0.34,6.82,Michael Kayode
100.0,100.0,111,0.0,0,0,0,0,0,0,0,0,0,0,0.0,0.0,0.0,0.0,0,0,0,0,0.0,0.0,0.0,0.0,0.0,0.0,0.0,0.0,0.0,0.0,0.0,0.0,0.0,Ethan Pinnock
0.0,0.0,112,0.0,0,0,0,0,0,0,0,0,0,0,0.0,0.0,0.0,0.0,0,0,0,0,0.0,0.0,0.0,0.0,0.0,0.0,0.0,0.0,0.0,0.0,0.0,0.0,0.0,Mads Roerslev Rasmussen
,,113,4.7,14,270,0,0,1,5,0,0,0,40,85.6,1.6,26.0,11.3,35,10,2,37,0.21,0.03,0.24,4.59,0.07,0.0,0.01,0.08,1.53,1.67,1.0,0.33,12.33,Sepp van den Berg
,,114,0.0,0,0,0,0,0,0,0,0,0,0,0.0,0.0,0.0,0.0,0,0,0,0,0.0,0.0,0.0,0.0,0.0,0.0,0.0,0.0,0.0,0.0,0.0,0.0,0.0,Benjamin Arthur
,,115,0.0,0,0,0,0,0,0,0,0,0,0,0.0,0.0,0.0,0.0,0,0,0,0,0.0,0.0,0.0,0.0,0.0,0.0,0.0,0.0,0.0,0.0,0.0,0.0,0.0,Benjamin Fredrick
,,116,0.5,1,13,0,0,0,0,1,0,0,6,6.0,0.1,0.0,0.6,1,0,3,4,0.0,0.0,0.0,0.24,0.0,0.0,0.0,0.0,1.66,0.0,0.0,0.0,27.69,Aaron Hickey
,,117,0.0,0,0,0,0,0,0,0,0,0,0,0.0,0.0,0.0,0.0,0,0,0,0,0.0,0.0,0.0,0.0,0.0,0.0,0.0,0.0,0.0,0.0,0.0,0.0,0.0,Kim Ji-soo
0.0,0.0,118,0.0,0,0,0,0,0,0,0,0,0,0,0.0,0.0,0.0,0.0,0,0,0,0,0.0,0.0,0.0,0.0,0.0,0.0,0.0,0.0,0.0,0.0,0.0,0.0,0.0,Jayden Meghoma
100.0,100.0,120,1.3,4,212,0,0,1,1,0,0,0,8,27.6,18.9,44.0,9.1,6,10,5,21,1.05,0.06,1.11,2.73,0.45,0.0,0.03,0.48,1.16,0.42,0.85,0.42,8.92,Kevin Schade
,,121,3.5,7,180,0,0,1,2,0,0,0,24,39.0,81.7,16.0,13.7,6,7,3,16,0.06,0.51,0.57,2.73,0.03,0.0,0.26,0.29,1.36,1.0,1.0,0.5,8.0,Mikkel Damsgaard
,,122,1.0,1,45,0,0,0,3,0,0,0,5,4.0,1.8,0.0,0.6,0,2,2,4,0.0,0.01,0.01,1.49,0.0,0.0,0.02,0.02,2.98,6.0,2.0,0.0,8.0,Antoni Milambo
,,123,1.5,3,91,0,0,0,4,0,0,0,10,5.4,5.1,3.0,1.3,0,4,3,7,0.03,0.03,0.06,1.99,0.03,0.0,0.03,0.06,1.97,3.96,0.99,0.0,6.92,Fabio Freitas Gouveia Carvalho
,,124,2.3,7,159,0,0,2,0,0,0,0,19,13.6,10.1,5.0,2.9,5,10,2,17,0.03,0.01,0.04,1.36,0.02,0.0,0.01,0.03,0.77,0.0,1.13,1.13,9.62,Jordan Henderson
25.0,25.0,125,0.0,0,0,0,0,0,0,0,0,0,0,0.0,0.0,0.0,0.0,0,0,0,0,0.0,0.0,0.0,0.0,0.0,0.0,0.0,0.0,0.0,0.0,0.0,0.0,0.0,Vitaly Janelt
,,126,1.5,3,79,0,0,0,3,0,0,0,15,12.4,25.7,8.0,4.6,3,2,3,8,0.13,0.04,0.17,2.1,0.15,0.0,0.05,0.2,2.39,3.42,1.14,0.0,9.11,Mathias Jensen
0.0,0.0,127,0.0,0,0,0,0,0,0,0,0,0,0,0.0,0.0,0.0,0.0,0,0,0,0,0.0,0.0,0.0,0.0,0.0,0.0,0.0,0.0,0.0,0.0,0.0,0.0,0.0,Gustavo Nunes Fernandes Gomes
,,128,3.0,9,61,0,2,0,2,0,0,0,31,23.4,12.3,4.0,3.9,2,3,1,6,0.0,0.36,0.36,1.37,0.0,0.0,0.53,0.53,2.02,2.95,0.0,0.0,8.85,Frank Onyeka
,,129,3.0,9,258,0,0,1,5,0,0,0,38,36.4,19.0,15.0,7.0,7,17,7,31,0.12,0.03,0.15,4.35,0.04,0.0,0.01,0.05,1.52,1.74,1.05,0.35,10.81,Yehor Yarmoliuk
,,130,0.0,0,0,0,0,0,0,0,0,0,0,0.0,0.0,0.0,0.0,0,0,0,0,0.0,0.0,0.0,0.0,0.0,0.0,0.0,0.0,0.0,0.0,0.0,0.0,0.0,Romelle Donovan
,,131,0.0,0,0,0,0,0,0,0,0,0,0,0.0,0.0,0.0,0.0,0,0,0,0,0.0,0.0,0.0,0.0,0.0,0.0,0.0,0.0,0.0,0.0,0.0,0.0,0.0,Yunus Emre Konak
25.0,25.0,132,0.0,0,0,0,0,0,0,0,0,0,0,0.0,0.0,0.0,0.0,0,0,0,0,0.0,0.0,0.0,0.0,0.0,0.0,0.0,0.0,0.0,0.0,0.0,0.0,0.0,Paris Maghoma
,,133,0.0,0,0,0,0,0,0,0,0,0,0,0.0,0.0,0.0,0.0,0,0,0,0,0.0,0.0,0.0,0.0,0.0,0.0,0.0,0.0,0.0,0.0,0.0,0.0,0.0,Myles Peart-Harris
0.0,0.0,134,0.0,0,0,0,0,0,0,0,0,0,0,0.0,0.0,0.0,0.0,0,0,0,0,0.0,0.0,0.0,0.0,0.0,0.0,0.0,0.0,0.0,0.0,0.0,0.0,0.0,Ryan Trevitt
,,136,4.7,14,270,2,0,1,5,1,0,1,50,84.4,44.4,58.0,18.7,9,3,3,15,1.25,0.12,1.37,4.59,0.42,0.0,0.04,0.46,1.53,1.67,1.0,0.33,5.0,Igor Thiago Nascimento Rodrigues
,,137,0.0,0,0,0,0,0,0,0,0,0,0,0.0,0.0,0.0,0.0,0,0,0,0,0.0,0.0,0.0,0.0,0.0,0.0,0.0,0.0,0.0,0.0,0.0,0.0,0.0,Iwan Morgan
,,138,0.0,0,0,0,0,0,0,0,0,0,0,0.0,0.0,0.0,0.0,0,0,0,0,0.0,0.0,0.0,0.0,0.0,0.0,0.0,0.0,0.0,0.0,0.0,0.0,0.0,Jason Steele
,,139,1.7,5,270,0,0,0,4,0,0,0,25,44.8,10.0,0.0,5.4,1,30,0,0,0.0,0.0,0.0,4.18,0.0,1.33,0.0,0.0,1.39,1.33,1.0,0.0,0.0,Bart Verbruggen
,,140,0.0,0,0,0,0,0,0,0,0,0,0,0.0,0.0,0.0,0.0,0,0,0,0,0.0,0.0,0.0,0.0,0.0,0.0,0.0,0.0,0.0,0.0,0.0,0.0,0.0,Tom McGill
0.0,0.0,141,0.0,0,0,0,0,0,0,0,0,0,0,0.0,0.0,0.0,0.0,0,0,0,0,0.0,0.0,0.0,0.0,0.0,0.0,0.0,0.0,0.0,0.0,0.0,0.0,0.0,Carl Rushworth
0.0,0.0,142,0.0,0,0,0,0,0,0,0,0,0,0,0.0,0.0,0.0,0.0,0,0,0,0,0.0,0.0,0.0,0.0,0.0,0.0,0.0,0.0,0.0,0.0,0.0,0.0,0.0,Kjell Scherpen
,,143,0.0,0,0,0,0,0,0,0,0,0,0,0.0,0.0,0.0,0.0,0,0,0,0,0.0,0.0,0.0,0.0,0.0,0.0,0.0,0.0,0.0,0.0,0.0,0.0,0.0,Olivier Boscagli
,,144,1.0,1,1,0,0,0,0,0,0,0,3,0.0,0.0,0.0,0.0,0,0,0,0,0.0,0.0,0.0,0.06,0.0,0.0,0.0,0.0,5.4,0.0,0.0,0.0,0.0,Diego Coppola
,,145,1.3,4,246,0,0,0,4,1,0,0,22,24.6,37.5,10.0,7.3,10,13,4,14,0.0,0.47,0.47,3.78,0.0,0.0,0.17,0.17,1.38,1.46,1.1,0.0,5.12,Maxim De Cuyper
,,146,2.7,8,270,0,1,0,4,0,0,0,43,36.8,2.9,18.0,5.8,16,14,3,19,0.18,0.01,0.19,4.18,0.06,0.0,0.0,0.06,1.39,1.33,1.0,0.0,6.33,Lewis Dunk
0.0,0.0,147,0.0,0,0,0,0,0,0,0,0,0,0,0.0,0.0,0.0,0.0,0,0,0,0,0.0,0.0,0.0,0.0,0.0,0.0,0.0,0.0,0.0,0.0,0.0,0.0,0.0,Pervis Estupinan Tenorio
,,148,0.0,0,44,0,0,0,1,2,0,0,-6,0.0,3.5,0.0,0.3,2,2,0,2,0.0,0.0,0.0,0.64,0.0,0.0,0.0,0.0,1.31,2.05,0.0,0.0,4.09,Ferdi KadÄ±oglu
0.0,,150,0.0,0,0,0,0,0,0,0,0,0,0,0.0,0.0,0.0,0.0,0,0,0,0,0.0,0.0,0.0,0.0,0.0,0.0,0.0,0.0,0.0,0.0,0.0,0.0,0.0,Tariq Lamptey
,,151,1.3,4,270,0,0,0,4,1,0,0,24,63.8,2.6,37.0,10.4,17,12,2,19,0.3,0.14,0.44,4.18,0.1,0.0,0.05,0.15,1.39,1.33,1.0,0.0,6.33,Jan Paul van Hecke
,,152,1.0,1,90,0,0,0,1,1,0,0,5,8.2,3.3,2.0,1.4,2,0,3,5,0.0,0.0,0.0,1.82,0.0,0.0,0.0,0.0,1.82,1.0,1.0,0.0,5.0,Joel Veltman
0.0,0.0,153,0.0,0,0,0,0,0,0,0,0,0,0,0.0,0.0,0.0,0.0,0,0,0,0,0.0,0.0,0.0,0.0,0.0,0.0,0.0,0.0,0.0,0.0,0.0,0.0,0.0,Adam Webster
0.0,0.0,154,0.0,0,0,0,0,0,0,0,0,0,0,0.0,0.0,0.0,0.0,0,0,0,0,0.0,0.0,0.0,0.0,0.0,0.0,0.0,0.0,0.0,0.0,0.0,0.0,0.0,Eiran Cashin
,,155,0.0,0,0,0,0,0,0,0,0,0,0,0.0,0.0,0.0,0.0,0,0,0,0,0.0,0.0,0.0,0.0,0.0,0.0,0.0,0.0,0.0,0.0,0.0,0.0,0.0,Jacob Slater
,,156,0.0,0,0,0,0,0,0,0,0,0,0,0.0,0.0,0.0,0.0,0,0,0,0,0.0,0.0,0.0,0.0,0.0,0.0,0.0,0.0,0.0,0.0,0.0,0.0,0.0,Charlie Tasker
,,157,3.0,9,262,0,1,1,3,1,0,0,27,39.4,78.5,30.0,14.4,3,6,3,12,0.3,0.17,0.47,3.94,0.1,0.0,0.06,0.16,1.35,1.03,1.03,0.34,4.12,Mitoma Kaoru
100.0,75.0,158,3.5,7,97,0,1,1,0,0,0,0,20,7.4,13.3,34.0,5.4,0,1,1,2,0.14,0.06,0.2,0.69,0.13,0.0,0.06,0.19,0.64,0.0,0.93,0.93,1.86,Georginio Rutter
0.0,0.0,159,0.0,0,0,0,0,0,0,0,0,0,0,0.0,0.0,0.0,0.0,0,0,0,0,0.0,0.0,0.0,0.0,0.0,0.0,0.0,0.0,0.0,0.0,0.0,0.0,0.0,Solly March
,,160,3.0,9,248,0,0,1,3,0,0,0,39,30.2,56.7,70.0,15.7,5,14,4,23,0.37,0.6,0.97,3.88,0.13,0.0,0.22,0.35,1.41,1.09,1.09,0.36,8.35,Yankuba Minteh
0.0,0.0,161,0.0,0,0,0,0,0,0,0,0,0,0,0.0,0.0,0.0,0.0,0,0,0,0,0.0,0.0,0.0,0.0,0.0,0.0,0.0,0.0,0.0,0.0,0.0,0.0,0.0,Julio Enciso Espinola
,,162,3.3,10,41,1,0,0,1,0,0,2,27,39.4,10.7,45.0,9.5,0,4,1,5,1.15,0.0,1.15,0.8,2.52,0.0,0.0,2.52,1.76,2.2,0.0,0.0,10.98,Brajan Gruda
,,163,1.5,3,105,0,0,0,2,0,0,0,20,9.4,2.0,0.0,1.2,2,6,3,11,0.0,0.01,0.01,2.32,0.0,0.0,0.01,0.01,1.99,1.71,0.86,0.0,9.43,Jack Hinshelwood
0.0,,164,6.0,12,177,1,0,1,2,0,0,2,36,60.8,66.6,63.0,19.0,3,2,4,9,1.21,0.17,1.38,2.12,0.62,0.0,0.09,0.71,1.08,1.02,1.02,0.51,4.58,Matt O'Riley
0.0,,165,0.0,0,0,0,0,0,0,0,0,0,0,0.0,0.0,0.0,0.0,0,0,0,0,0.0,0.0,0.0,0.0,0.0,0.0,0.0,0.0,0.0,0.0,0.0,0.0,0.0,Abdallah Sima
,,166,2.0,6,185,0,0,0,3,0,0,1,33,24.6,31.8,20.0,7.7,5,9,5,19,0.15,0.15,0.3,2.13,0.07,0.0,0.07,0.14,1.04,1.46,0.97,0.0,9.24,Yasin Ayari
,,167,1.7,5,172,0,0,1,2,0,0,0,16,4.4,25.0,1.0,3.0,4,11,1,16,0.02,0.01,0.03,3.09,0.01,0.0,0.01,0.02,1.62,1.05,1.57,0.52,8.37,Carlos Baleba
,,169,1.0,3,104,0,0,0,2,1,0,0,22,18.4,13.6,7.0,3.9,5,6,5,16,0.03,0.04,0.07,2.29,0.03,0.0,0.03,0.06,1.98,1.73,0.87,0.0,13.85,Diego Gomez Amarilla
,,170,3.5,7,32,1,0,0,1,0,0,0,22,35.6,0.5,17.0,5.3,0,1,1,2,0.79,0.01,0.8,0.41,2.22,0.0,0.03,2.25,1.15,2.81,0.0,0.0,5.62,James Milner
0.0,,171,0.0,0,0,0,0,0,0,0,0,0,0,0.0,0.0,0.0,0.0,0,0,0,0,0.0,0.0,0.0,0.0,0.0,0.0,0.0,0.0,0.0,0.0,0.0,0.0,0.0,Jeremy Sarmiento Morante
100.0,100.0,172,0.0,0,0,0,0,0,0,0,0,0,0,0.0,0.0,0.0,0.0,0,0,0,0,0.0,0.0,0.0,0.0,0.0,0.0,0.0,0.0,0.0,0.0,0.0,0.0,0.0,Tom Watson
75.0,,173,3.5,7,174,0,0,0,3,1,0,0,30,44.8,5.2,21.0,7.1,11,8,12,31,0.02,0.04,0.06,1.97,0.01,0.0,0.02,0.03,1.02,1.55,1.03,0.0,16.03,Mats Wieffer
0.0,0.0,174,0.0,0,0,0,0,0,0,0,0,0,0,0.0,0.0,0.0,0.0,0,0,0,0,0.0,0.0,0.0,0.0,0.0,0.0,0.0,0.0,0.0,0.0,0.0,0.0,0.0,Malick Yalcouye
,,175,0.0,0,0,0,0,0,0,0,0,0,0,0.0,0.0,0.0,0.0,0,0,0,0,0.0,0.0,0.0,0.0,0.0,0.0,0.0,0.0,0.0,0.0,0.0,0.0,0.0,Joe Knight
,,176,0.0,0,0,0,0,0,0,0,0,0,0,0.0,0.0,0.0,0.0,0,0,0,0,0.0,0.0,0.0,0.0,0.0,0.0,0.0,0.0,0.0,0.0,0.0,0.0,0.0,Adrian Mazilu
0.0,0.0,177,0.0,0,0,0,0,0,0,0,0,0,0,0.0,0.0,0.0,0.0,0,0,0,0,0.0,0.0,0.0,0.0,0.0,0.0,0.0,0.0,0.0,0.0,0.0,0.0,0.0,Andrew Moran
,,178,1.0,3,171,0,0,0,4,0,0,0,0,2.6,20.5,31.0,5.2,0,3,1,4,1.56,0.27,1.83,3.49,0.82,0.0,0.14,0.96,1.84,2.11,1.05,0.0,2.11,Danny Welbeck
0.0,0.0,179,0.0,0,0,0,0,0,0,0,0,0,0,0.0,0.0,0.0,0.0,0,0,0,0,0.0,0.0,0.0,0.0,0.0,0.0,0.0,0.0,0.0,0.0,0.0,0.0,0.0,Evan Ferguson
,,180,0.0,0,0,0,0,0,0,0,0,0,0,0.0,0.0,0.0,0.0,0,0,0,0,0.0,0.0,0.0,0.0,0.0,0.0,0.0,0.0,0.0,0.0,0.0,0.0,0.0,Stefanos Tzimas
,,181,0.0,0,0,0,0,0,0,0,0,0,0,0.0,0.0,0.0,0.0,0,0,0,0,0.0,0.0,0.0,0.0,0.0,0.0,0.0,0.0,0.0,0.0,0.0,0.0,0.0,Charalampos Kostoulas
,,168,0.0,0,0,0,0,0,0,0,0,0,0,0.0,0.0,0.0,0.0,0,0,0,0,0.0,0.0,0.0,0.0,0.0,0.0,0.0,0.0,0.0,0.0,0.0,0.0,0.0,Facundo Buonanotte
,,220,5.7,17,270,0,0,2,1,0,0,1,64,55.8,0.0,0.0,5.5,1,19,0,0,0.0,0.0,0.0,2.41,0.0,2.67,0.0,0.0,0.8,0.33,1.0,0.67,0.0,Robert Lynch Sanchez
,,221,0.0,0,0,0,0,0,0,0,0,0,0,0.0,0.0,0.0,0.0,0,0,0,0,0.0,0.0,0.0,0.0,0.0,0.0,0.0,0.0,0.0,0.0,0.0,0.0,0.0,Filip Jorgensen
0.0,0.0,222,0.0,0,0,0,0,0,0,0,0,0,0,0.0,0.0,0.0,0.0,0,0,0,0,0.0,0.0,0.0,0.0,0.0,0.0,0.0,0.0,0.0,0.0,0.0,0.0,0.0,Mike Penders
,,223,0.0,0,0,0,0,0,0,0,0,0,0,0.0,0.0,0.0,0.0,0,0,0,0,0.0,0.0,0.0,0.0,0.0,0.0,0.0,0.0,0.0,0.0,0.0,0.0,0.0,Gabriel Slonina
,,224,6.3,19,248,0,1,2,1,0,0,2,90,67.0,56.1,17.0,14.0,12,14,6,18,0.11,0.45,0.56,1.97,0.04,0.0,0.16,0.2,0.71,0.36,1.09,0.73,6.53,Marc Cucurella Saseta
,,225,2.3,7,108,0,0,1,0,1,0,0,40,23.0,62.4,7.0,9.3,6,8,1,7,0.04,0.32,0.36,1.73,0.03,0.0,0.27,0.3,1.44,0.0,0.83,0.83,5.83,Reece James
,,226,9.0,27,248,1,1,2,1,0,0,2,95,92.0,14.9,54.0,16.1,18,9,7,25,0.52,0.25,0.77,1.97,0.19,0.0,0.09,0.28,0.71,0.36,1.09,0.73,9.07,Trevoh Chalobah
0.0,0.0,227,0.0,0,0,0,0,0,0,0,0,0,0,0.0,0.0,0.0,0.0,0,0,0,0,0.0,0.0,0.0,0.0,0.0,0.0,0.0,0.0,0.0,0.0,0.0,0.0,0.0,Levi Samuels Colwill
,,228,3.0,9,169,0,0,1,1,0,0,0,35,22.8,19.5,5.0,4.7,6,8,4,10,0.02,0.06,0.08,1.36,0.01,0.0,0.03,0.04,0.72,0.53,1.07,0.53,5.33,Malo Gusto
0.0,0.0,229,0.0,0,0,0,0,0,0,0,0,0,0,0.0,0.0,0.0,0.0,0,0,0,0,0.0,0.0,0.0,0.0,0.0,0.0,0.0,0.0,0.0,0.0,0.0,0.0,0.0,Benoit Badiashile Mukinayi
100.0,100.0,230,1.0,1,21,0,0,0,0,0,0,0,5,3.4,0.4,0.0,0.4,1,0,1,2,0.0,0.0,0.0,0.44,0.0,0.0,0.0,0.0,1.89,0.0,0.0,0.0,8.57,Wesley Fofana
0.0,0.0,231,0.0,0,0,0,0,0,0,0,0,0,0,0.0,0.0,0.0,0.0,0,0,0,0,0.0,0.0,0.0,0.0,0.0,0.0,0.0,0.0,0.0,0.0,0.0,0.0,0.0,Mamadou Sarr
100.0,100.0,232,5.0,10,180,0,0,1,1,0,0,0,43,52.4,2.6,2.0,5.7,15,6,5,20,0.0,0.04,0.04,1.75,0.0,0.0,0.02,0.02,0.88,0.5,1.0,0.5,10.0,Tosin Adarabioyo
,,233,9.0,9,90,0,0,1,0,0,0,3,35,16.2,2.3,10.0,2.9,6,4,2,8,0.09,0.01,0.1,0.66,0.09,0.0,0.01,0.1,0.66,0.0,1.0,1.0,8.0,Josh Acheampong
0.0,,234,0.0,0,0,0,0,0,0,0,0,0,0,0.0,0.0,0.0,0.0,0,0,0,0,0.0,0.0,0.0,0.0,0.0,0.0,0.0,0.0,0.0,0.0,0.0,0.0,0.0,Aaron Anselmino
0.0,0.0,235,3.0,3,90,0,0,1,0,0,0,0,10,4.8,16.9,23.0,4.5,0,4,1,5,0.17,0.03,0.2,0.66,0.17,0.0,0.03,0.2,0.66,0.0,1.0,1.0,5.0,Cole Palmer
,,236,4.3,13,260,1,0,2,1,0,0,0,63,60.2,88.6,40.0,18.9,3,7,2,12,0.41,0.7,1.11,1.74,0.14,0.0,0.24,0.38,0.6,0.35,1.04,0.69,4.15,Pedro Lomba Neto
,,237,8.3,25,258,2,2,2,1,0,0,1,82,97.4,65.7,65.0,22.8,3,6,2,11,1.82,0.36,2.18,2.36,0.63,0.0,0.13,0.76,0.82,0.35,1.05,0.7,3.84,Enzo Fernandez
,,238,2.7,8,179,0,1,1,1,1,0,0,27,37.0,37.6,62.0,13.7,2,6,3,11,0.99,1.04,2.03,0.75,0.5,0.0,0.52,1.02,0.38,0.5,1.01,0.5,5.53,Estevao Almeida de Oliveira Goncalves
,,239,1.0,3,88,0,0,0,0,0,0,0,10,10.2,27.8,17.0,5.5,1,2,2,5,0.1,0.08,0.18,1.67,0.1,0.0,0.08,0.18,1.71,0.0,1.02,0.0,5.11,Jamie Bynoe-Gittens
0.0,0.0,240,0.0,0,0,0,0,0,0,0,0,0,0,0.0,0.0,0.0,0.0,0,0,0,0,0.0,0.0,0.0,0.0,0.0,0.0,0.0,0.0,0.0,0.0,0.0,0.0,0.0,Christopher Nkunku
,,241,5.7,17,270,1,0,2,1,1,0,1,70,105.8,13.0,24.0,14.3,16,14,12,42,0.34,0.09,0.43,2.41,0.11,0.0,0.03,0.14,0.8,0.33,1.0,0.67,14.0,Moises Caicedo Corozo
,,243,3.0,3,66,0,0,1,0,0,0,0,4,3.6,1.3,33.0,3.8,0,1,0,1,0.21,0.01,0.22,0.27,0.29,0.0,0.01,0.3,0.37,0.0,0.0,1.36,1.36,Tyrique George
0.0,0.0,244,0.0,0,0,0,0,0,0,0,0,0,0,0.0,0.0,0.0,0.0,0,0,0,0,0.0,0.0,0.0,0.0,0.0,0.0,0.0,0.0,0.0,0.0,0.0,0.0,0.0,Romeo Lavia
0.0,0.0,245,0.0,0,0,0,0,0,0,0,0,0,0,0.0,0.0,0.0,0.0,0,0,0,0,0.0,0.0,0.0,0.0,0.0,0.0,0.0,0.0,0.0,0.0,0.0,0.0,0.0,Mykhailo Mudryk
,,246,0.7,2,48,0,0,0,0,1,0,0,7,6.8,22.8,25.0,5.5,1,3,1,5,0.31,0.02,0.33,1.28,0.58,0.0,0.04,0.62,2.4,0.0,0.0,0.0,9.38,Andrey Nascimento dos Santos
,,247,0.0,0,0,0,0,0,0,0,0,0,0,0.0,0.0,0.0,0.0,0,0,0,0,0.0,0.0,0.0,0.0,0.0,0.0,0.0,0.0,0.0,0.0,0.0,0.0,0.0,Dario Luis Essugo
0.0,0.0,248,0.0,0,0,0,0,0,0,0,0,0,0,0.0,0.0,0.0,0.0,0,0,0,0,0.0,0.0,0.0,0.0,0.0,0.0,0.0,0.0,0.0,0.0,0.0,0.0,0.0,Kendry Paez Andrade
,,249,8.7,26,252,2,2,2,1,0,0,6,107,125.6,50.0,109.0,28.2,6,8,2,16,1.35,0.15,1.5,2.35,0.48,0.0,0.05,0.53,0.84,0.36,1.07,0.71,5.71,Joao Pedro Junqueira de Jesus
25.0,,250,1.3,4,91,0,0,0,1,0,0,0,12,8.0,3.5,43.0,5.0,1,3,0,4,0.23,0.03,0.26,0.31,0.23,0.0,0.03,0.26,0.31,0.99,1.98,0.0,3.96,Liam Delap
0.0,0.0,251,0.0,0,0,0,0,0,0,0,0,0,0,0.0,0.0,0.0,0.0,0,0,0,0,0.0,0.0,0.0,0.0,0.0,0.0,0.0,0.0,0.0,0.0,0.0,0.0,0.0,Nicolas Jackson
100.0,100.0,252,1.0,2,13,0,0,0,1,0,0,0,5,1.0,1.6,6.0,0.7,1,0,0,1,0.02,0.01,0.03,0.66,0.14,0.0,0.07,0.21,4.57,6.92,0.0,0.0,6.92,Marc Guiu Paz
,,453,0.0,0,0,0,0,0,0,0,0,0,0,0.0,0.0,0.0,0.0,0,0,0,0,0.0,0.0,0.0,0.0,0.0,0.0,0.0,0.0,0.0,0.0,0.0,0.0,0.0,Alejandro Garnacho Ferreyra
,,672,0.0,0,21,0,0,0,0,1,0,0,-2,1.2,1.0,0.0,0.2,1,1,0,1,0.0,0.0,0.0,0.44,0.0,0.0,0.0,0.0,1.89,0.0,0.0,0.0,4.29,Jorrel Hato
,,253,5.0,15,270,0,0,2,1,0,0,0,61,56.8,10.0,0.0,6.6,2,16,0,0,0.0,0.0,0.0,3.66,0.0,2.0,0.0,0.0,1.22,0.33,1.0,0.67,0.0,Dean Henderson
,,254,0.0,0,0,0,0,0,0,0,0,0,0,0.0,0.0,0.0,0.0,0,0,0,0,0.0,0.0,0.0,0.0,0.0,0.0,0.0,0.0,0.0,0.0,0.0,0.0,0.0,Walter Benitez
,,255,0.0,0,0,0,0,0,0,0,0,0,0,0.0,0.0,0.0,0.0,0,0,0,0,0.0,0.0,0.0,0.0,0.0,0.0,0.0,0.0,0.0,0.0,0.0,0.0,0.0,Remi Matthews
,,256,6.3,19,270,0,1,2,1,1,0,1,72,63.4,41.3,12.0,11.6,13,15,7,20,0.05,0.8,0.85,3.66,0.02,0.0,0.27,0.29,1.22,0.33,1.0,0.67,6.67,Daniel Munoz Mejia
,,257,7.3,22,270,0,1,2,1,1,0,2,75,88.4,11.3,25.0,12.5,31,8,6,37,0.1,0.12,0.22,3.66,0.03,0.0,0.04,0.07,1.22,0.33,1.0,0.67,12.33,Maxence Lacroix
,,258,5.3,16,270,0,0,2,1,1,0,1,70,63.2,45.6,12.0,12.1,11,13,14,25,0.0,0.11,0.11,3.66,0.0,0.0,0.04,0.04,1.22,0.33,1.0,0.67,8.33,Tyrick Mitchell
,,259,0.0,0,0,0,0,0,0,0,0,0,0,0.0,0.0,0.0,0.0,0,0,0,0,0.0,0.0,0.0,0.0,0.0,0.0,0.0,0.0,0.0,0.0,0.0,0.0,0.0,Borna Sosa
,,260,7.7,23,270,1,0,2,1,0,0,3,74,78.8,13.3,23.0,11.6,15,9,5,20,0.16,0.02,0.18,3.66,0.05,0.0,0.01,0.06,1.22,0.33,1.0,0.67,6.67,Marc Guehi
,,261,5.3,16,270,0,0,2,1,0,0,0,63,72.2,2.2,4.0,7.9,22,3,7,29,0.08,0.05,0.13,3.66,0.03,0.0,0.02,0.05,1.22,0.33,1.0,0.67,9.67,Chris Richards
0.0,0.0,262,0.0,0,0,0,0,0,0,0,0,0,0,0.0,0.0,0.0,0.0,0,0,0,0,0.0,0.0,0.0,0.0,0.0,0.0,0.0,0.0,0.0,0.0,0.0,0.0,0.0,Chadi Riad Dnanou
,,263,1.0,1,4,0,0,0,0,0,0,0,5,3.4,0.5,0.0,0.4,1,0,1,2,0.0,0.0,0.0,0.0,0.0,0.0,0.0,0.0,0.0,0.0,0.0,0.0,45.0,Nathaniel Clyne
0.0,0.0,264,0.0,0,0,0,0,0,0,0,0,0,0,0.0,0.0,0.0,0.0,0,0,0,0,0.0,0.0,0.0,0.0,0.0,0.0,0.0,0.0,0.0,0.0,0.0,0.0,0.0,Rob Holding
0.0,0.0,265,0.0,0,0,0,0,0,0,0,0,0,0,0.0,0.0,0.0,0.0,0,0,0,0,0.0,0.0,0.0,0.0,0.0,0.0,0.0,0.0,0.0,0.0,0.0,0.0,0.0,Caleb Kporha
75.0,,267,6.0,18,270,2,0,2,1,1,0,1,52,83.4,20.6,57.0,16.2,6,10,3,19,2.0,0.05,2.05,3.66,0.67,0.0,0.02,0.69,1.22,0.33,1.0,0.67,6.33,Ismaila Sarr
0.0,0.0,268,0.0,0,0,0,0,0,0,0,0,0,0,0.0,0.0,0.0,0.0,0,0,0,0,0.0,0.0,0.0,0.0,0.0,0.0,0.0,0.0,0.0,0.0,0.0,0.0,0.0,Cheick Doucoure
,,269,1.0,1,24,0,0,0,0,0,0,0,6,4.6,0.4,2.0,0.7,0,0,2,2,0.0,0.01,0.01,0.27,0.0,0.0,0.04,0.04,1.01,0.0,0.0,0.0,7.5,Romain Esse
100.0,75.0,270,1.7,5,229,0,0,2,1,3,0,0,26,31.4,44.0,10.0,8.6,13,10,4,27,0.12,0.29,0.41,3.0,0.05,0.0,0.11,0.16,1.18,0.39,1.18,0.79,10.61,Will Hughes
100.0,100.0,271,6.0,6,85,0,1,1,0,0,0,0,25,5.8,10.3,2.0,1.8,1,4,2,7,0.0,0.17,0.17,1.13,0.0,0.0,0.18,0.18,1.2,0.0,1.06,1.06,7.41,Daichi Kamada
,,272,1.0,3,62,0,0,0,0,0,0,0,6,9.0,5.6,19.0,3.4,4,3,1,8,0.36,0.01,0.37,1.03,0.52,0.0,0.01,0.53,1.5,0.0,0.0,0.0,11.61,Jefferson Lerma Solis
75.0,,273,2.0,6,226,0,0,1,1,0,0,0,41,26.0,48.4,0.0,7.4,4,15,1,20,0.0,0.15,0.15,3.01,0.0,0.0,0.06,0.06,1.2,0.4,1.19,0.4,7.96,Adam Wharton
,,274,0.0,0,0,0,0,0,0,0,0,0,0,0.0,0.0,0.0,0.0,0,0,0,0,0.0,0.0,0.0,0.0,0.0,0.0,0.0,0.0,0.0,0.0,0.0,0.0,0.0,Asher Agbinone
,,275,0.0,0,0,0,0,0,0,0,0,0,0,0.0,0.0,0.0,0.0,0,0,0,0,0.0,0.0,0.0,0.0,0.0,0.0,0.0,0.0,0.0,0.0,0.0,0.0,0.0,Naouirou Ahamada
,,276,1.3,4,76,0,0,0,1,0,0,0,16,9.8,4.8,25.0,4.0,1,6,4,11,0.05,0.02,0.07,1.04,0.06,0.0,0.02,0.08,1.23,1.18,1.18,0.0,13.03,Justin Devenny
0.0,0.0,277,0.0,0,0,0,0,0,0,0,0,0,0,0.0,0.0,0.0,0.0,0,0,0,0,0.0,0.0,0.0,0.0,0.0,0.0,0.0,0.0,0.0,0.0,0.0,0.0,0.0,Malcolm Ebiowei
,,278,0.0,0,0,0,0,0,0,0,0,0,0,0.0,0.0,0.0,0.0,0,0,0,0,0.0,0.0,0.0,0.0,0.0,0.0,0.0,0.0,0.0,0.0,0.0,0.0,0.0,Jesurun Rak-Sakyi
0.0,0.0,279,0.0,0,0,0,0,0,0,0,0,0,0,0.0,0.0,0.0,0.0,0,0,0,0,0.0,0.0,0.0,0.0,0.0,0.0,0.0,0.0,0.0,0.0,0.0,0.0,0.0,Matheus Franca de Oliveira
0.0,0.0,280,0.0,0,0,0,0,0,0,0,0,0,0,0.0,0.0,0.0,0.0,0,0,0,0,0.0,0.0,0.0,0.0,0.0,0.0,0.0,0.0,0.0,0.0,0.0,0.0,0.0,David Ozoh
,,281,0.0,0,0,0,0,0,0,0,0,0,0,0.0,0.0,0.0,0.0,0,0,0,0,0.0,0.0,0.0,0.0,0.0,0.0,0.0,0.0,0.0,0.0,0.0,0.0,0.0,Kaden Rodney
,,282,0.0,0,0,0,0,0,0,0,0,0,0,0.0,0.0,0.0,0.0,0,0,0,0,0.0,0.0,0.0,0.0,0.0,0.0,0.0,0.0,0.0,0.0,0.0,0.0,0.0,Franco Umeh-Chibueze
,,283,2.7,8,261,1,0,2,1,2,0,0,36,53.8,5.0,60.0,11.9,9,5,1,15,1.24,0.33,1.57,3.39,0.43,0.0,0.11,0.54,1.17,0.34,1.03,0.69,5.17,Jean-Philippe Mateta
0.0,0.0,284,0.0,0,0,0,0,0,0,0,0,0,0,0.0,0.0,0.0,0.0,0,0,0,0,0.0,0.0,0.0,0.0,0.0,0.0,0.0,0.0,0.0,0.0,0.0,0.0,0.0,Eddie Nketiah
0.0,0.0,285,1.0,1,2,0,0,0,0,0,0,0,6,2.0,0.0,0.0,0.2,0,0,1,1,0.0,0.0,0.0,0.27,0.0,0.0,0.0,0.0,12.15,0.0,0.0,0.0,45.0,Odsonne Edouard
,,286,0.0,0,0,0,0,0,0,0,0,0,0,0.0,0.0,0.0,0.0,0,0,0,0,0.0,0.0,0.0,0.0,0.0,0.0,0.0,0.0,0.0,0.0,0.0,0.0,0.0,Zach Marsh
,,690,0.0,0,0,0,0,0,0,0,0,0,0,0.0,0.0,0.0,0.0,0,0,0,0,0.0,0.0,0.0,0.0,0.0,0.0,0.0,0.0,0.0,0.0,0.0,0.0,0.0,Rio Cardines
75.0,,712,1.0,1,19,0,0,0,0,0,0,0,10,3.6,11.6,2.0,1.7,0,3,1,4,0.02,0.01,0.03,0.28,0.09,0.0,0.05,0.14,1.33,0.0,0.0,0.0,18.95,Yeremy Pino Santos
,,723,0.0,0,0,0,0,0,0,0,0,0,0,0.0,0.0,0.0,0.0,0,0,0,0,0.0,0.0,0.0,0.0,0.0,0.0,0.0,0.0,0.0,0.0,0.0,0.0,0.0,Jaydee Canvot
,,732,0.0,0,0,0,0,0,0,0,0,0,0,0.0,0.0,0.0,0.0,0,0,0,0,0.0,0.0,0.0,0.0,0.0,0.0,0.0,0.0,0.0,0.0,0.0,0.0,0.0,Christantus Uche
,,242,5.3,16,270,1,1,1,3,2,0,3,78,74.8,125.8,21.0,22.2,3,9,3,15,0.06,1.0,1.06,5.61,0.02,0.0,0.33,0.35,1.87,1.0,1.0,0.33,5.0,Kiernan Dewsbury-Hall
,,287,6.0,18,270,0,0,1,3,0,0,3,57,86.4,0.0,0.0,8.6,8,27,0,0,0.0,0.01,0.01,5.61,0.0,2.67,0.0,0.0,1.87,1.0,1.0,0.33,0.0,Jordan Pickford
,,288,0.0,0,0,0,0,0,0,0,0,0,0,0.0,0.0,0.0,0.0,0,0,0,0,0.0,0.0,0.0,0.0,0.0,0.0,0.0,0.0,0.0,0.0,0.0,0.0,0.0,Mark Travers
,,289,0.0,0,0,0,0,0,0,0,0,0,0,0.0,0.0,0.0,0.0,0,0,0,0,0.0,0.0,0.0,0.0,0.0,0.0,0.0,0.0,0.0,0.0,0.0,0.0,0.0,Harry Tyrer
0.0,0.0,290,0.0,0,0,0,0,0,0,0,0,0,0,0.0,0.0,0.0,0.0,0,0,0,0,0.0,0.0,0.0,0.0,0.0,0.0,0.0,0.0,0.0,0.0,0.0,0.0,0.0,Jarrad Branthwaite
,,291,5.0,15,270,0,0,1,3,0,0,0,39,67.4,2.7,11.0,8.2,33,10,3,36,0.2,0.01,0.21,5.61,0.07,0.0,0.0,0.07,1.87,1.0,1.0,0.33,12.0,James Tarkowski
75.0,100.0,292,1.0,1,90,0,0,0,2,0,0,0,3,7.4,5.3,2.0,1.5,6,4,1,7,0.0,0.07,0.07,1.11,0.0,0.0,0.07,0.07,1.11,2.0,1.0,0.0,7.0,Vitalii Mykolenko
,,293,3.0,9,270,0,0,1,3,0,0,0,18,31.8,15.1,15.0,6.2,11,8,5,16,0.24,0.03,0.27,5.61,0.08,0.0,0.01,0.09,1.87,1.0,1.0,0.33,5.33,Jake O'Brien
,,294,1.0,1,1,0,0,0,0,0,0,0,3,0.0,0.0,0.0,0.0,0,0,0,0,0.0,0.0,0.0,0.0,0.0,0.0,0.0,0.0,0.0,0.0,0.0,0.0,0.0,Seamus Coleman
,,295,4.3,13,270,0,0,1,3,0,0,0,39,68.4,0.9,4.0,7.3,31,6,3,34,0.0,0.01,0.01,5.61,0.0,0.0,0.0,0.0,1.87,1.0,1.0,0.33,11.33,Michael Keane
0.0,0.0,296,0.0,0,0,0,0,0,0,0,0,0,0,0.0,0.0,0.0,0.0,0,0,0,0,0.0,0.0,0.0,0.0,0.0,0.0,0.0,0.0,0.0,0.0,0.0,0.0,0.0,Nathan Patterson
,,297,0.0,0,0,0,0,0,0,0,0,0,0,0.0,0.0,0.0,0.0,0,0,0,0,0.0,0.0,0.0,0.0,0.0,0.0,0.0,0.0,0.0,0.0,0.0,0.0,0.0,Roman Dixon
,,298,0.0,0,0,0,0,0,0,0,0,0,0,0.0,0.0,0.0,0.0,0,0,0,0,0.0,0.0,0.0,0.0,0.0,0.0,0.0,0.0,0.0,0.0,0.0,0.0,0.0,Reece Welch
,,299,5.7,17,243,2,0,1,3,0,0,0,65,95.4,37.2,67.0,20.0,2,15,8,25,1.29,0.07,1.36,4.66,0.48,0.0,0.03,0.51,1.73,1.11,1.11,0.37,9.26,Iliman Ndiaye
,,300,1.0,1,19,0,0,0,0,0,0,0,2,0.0,11.3,8.0,1.8,0,0,0,0,0.24,0.0,0.24,0.95,1.14,0.0,0.0,1.14,4.5,0.0,0.0,0.0,0.0,Dwight McNeil
,,301,1.0,3,113,0,0,0,1,1,0,0,18,14.6,4.5,21.0,4.0,1,7,4,12,0.03,0.01,0.04,2.94,0.02,0.0,0.01,0.03,2.34,0.8,0.8,0.0,9.56,Carlos Alcaraz Duran
,,302,2.3,7,255,0,0,1,2,0,0,0,43,27.0,38.1,16.0,8.1,3,12,6,21,0.36,0.16,0.52,5.15,0.13,0.0,0.06,0.19,1.82,0.71,1.06,0.35,7.41,Idrissa Gana Gueye
,,303,5.3,16,270,1,0,1,3,1,0,1,68,84.0,33.1,10.0,12.8,18,13,6,37,0.07,0.1,0.17,5.61,0.02,0.0,0.03,0.05,1.87,1.0,1.0,0.33,12.33,James Garner
,,304,1.7,5,154,0,0,2,1,2,0,0,16,27.0,3.8,3.0,3.4,10,9,3,22,0.11,0.0,0.11,2.87,0.06,0.0,0.0,0.06,1.68,0.58,1.17,1.17,12.86,Tim Iroegbunam
0.0,100.0,305,1.0,1,1,0,0,0,0,0,0,0,3,0.0,0.0,0.0,0.0,0,0,0,0,0.0,0.0,0.0,0.0,0.0,0.0,0.0,0.0,0.0,0.0,0.0,0.0,0.0,Harrison Armstrong
,,306,0.0,0,0,0,0,0,0,0,0,0,0,0.0,0.0,0.0,0.0,0,0,0,0,0.0,0.0,0.0,0.0,0.0,0.0,0.0,0.0,0.0,0.0,0.0,0.0,0.0,Callum Bates
,,307,0.0,0,0,0,0,0,0,0,0,0,0,0.0,0.0,0.0,0.0,0,0,0,0,0.0,0.0,0.0,0.0,0.0,0.0,0.0,0.0,0.0,0.0,0.0,0.0,0.0,Coby Ebere
0.0,,308,0.0,0,0,0,0,0,0,0,0,0,0,0.0,0.0,0.0,0.0,0,0,0,0,0.0,0.0,0.0,0.0,0.0,0.0,0.0,0.0,0.0,0.0,0.0,0.0,0.0,Isaac Heath
0.0,0.0,309,0.0,0,0,0,0,0,0,0,0,0,0,0.0,0.0,0.0,0.0,0,0,0,0,0.0,0.0,0.0,0.0,0.0,0.0,0.0,0.0,0.0,0.0,0.0,0.0,0.0,Jenson Metcalfe
,,310,1.3,4,81,0,0,1,1,0,0,0,7,6.2,7.1,16.0,2.5,2,0,0,2,0.35,0.01,0.36,2.14,0.39,0.0,0.01,0.4,2.38,1.11,1.11,1.11,2.22,Thierno Barry
,,311,3.0,9,191,1,0,0,2,1,0,1,38,42.4,17.4,54.0,11.0,3,2,1,6,0.83,0.09,0.92,3.67,0.39,0.0,0.04,0.43,1.73,0.94,0.94,0.0,2.83,Norberto Bercique Gomes Betuncal
0.0,,312,0.0,0,0,0,0,0,0,0,0,0,0,0.0,0.0,0.0,0.0,0,0,0,0,0.0,0.0,0.0,0.0,0.0,0.0,0.0,0.0,0.0,0.0,0.0,0.0,0.0,Youssef Ramalho Chermiti
,,313,0.0,0,0,0,0,0,0,0,0,0,0,0.0,0.0,0.0,0.0,0,0,0,0,0.0,0.0,0.0,0.0,0.0,0.0,0.0,0.0,0.0,0.0,0.0,0.0,0.0,Martin Sherif
,,419,7.3,22,196,0,4,1,3,0,0,4,86,101.2,72.1,51.0,22.5,4,16,4,24,0.31,1.29,1.6,4.56,0.14,0.0,0.59,0.73,2.09,1.38,0.92,0.46,11.02,Jack Grealish
,,630,0.0,0,0,0,0,0,0,0,0,0,0,0.0,0.0,0.0,0.0,0,0,0,0,0.0,0.0,0.0,0.0,0.0,0.0,0.0,0.0,0.0,0.0,0.0,0.0,0.0,Tom King
25.0,25.0,667,0.0,0,0,0,0,0,0,0,0,0,0,0.0,0.0,0.0,0.0,0,0,0,0,0.0,0.0,0.0,0.0,0.0,0.0,0.0,0.0,0.0,0.0,0.0,0.0,0.0,Adam Aznou
0.0,,704,0.0,0,0,0,0,0,0,0,0,0,0,0.0,0.0,0.0,0.0,0,0,0,0,0.0,0.0,0.0,0.0,0.0,0.0,0.0,0.0,0.0,0.0,0.0,0.0,0.0,Tyler Onyango
,,705,0.0,0,0,0,0,0,0,0,0,0,0,0.0,0.0,0.0,0.0,0,0,0,0,0.0,0.0,0.0,0.0,0.0,0.0,0.0,0.0,0.0,0.0,0.0,0.0,0.0,Elijah Campbell
,,707,0.0,0,0,0,0,0,0,0,0,0,0,0.0,0.0,0.0,0.0,0,0,0,0,0.0,0.0,0.0,0.0,0.0,0.0,0.0,0.0,0.0,0.0,0.0,0.0,0.0,Tyler Dibling
,,728,0.0,0,0,0,0,0,0,0,0,0,0,0.0,0.0,0.0,0.0,0,0,0,0,0.0,0.0,0.0,0.0,0.0,0.0,0.0,0.0,0.0,0.0,0.0,0.0,0.0,Merlin Rohl
,,314,2.7,8,270,0,0,0,4,0,0,0,40,76.2,0.0,0.0,7.6,3,30,1,0,0.0,0.0,0.0,5.46,0.0,3.33,0.0,0.0,1.82,1.33,1.0,0.0,0.0,Bernd Leno
0.0,0.0,315,0.0,0,0,0,0,0,0,0,0,0,0,0.0,0.0,0.0,0.0,0,0,0,0,0.0,0.0,0.0,0.0,0.0,0.0,0.0,0.0,0.0,0.0,0.0,0.0,0.0,Steven Benda
100.0,100.0,316,1.0,2,51,0,0,0,0,0,0,0,9,11.8,21.5,4.0,3.8,2,1,0,2,0.0,0.06,0.06,0.23,0.0,0.0,0.11,0.11,0.41,0.0,0.0,0.0,3.53,Antonee Robinson
,,317,3.0,9,270,0,0,0,4,0,0,0,41,61.8,23.6,18.0,10.3,22,7,7,29,0.21,0.67,0.88,5.46,0.07,0.0,0.22,0.29,1.82,1.33,1.0,0.0,9.67,Joachim Andersen
,,318,1.3,4,270,0,0,0,4,1,0,0,16,27.8,3.7,7.0,3.9,9,14,4,13,0.15,0.02,0.17,5.46,0.05,0.0,0.01,0.06,1.82,1.33,1.0,0.0,4.33,Calvin Bassey
,,319,1.0,3,126,0,0,0,3,0,0,0,3,14.8,19.1,28.0,6.2,3,3,3,6,0.38,0.07,0.45,4.11,0.27,0.0,0.05,0.32,2.94,2.14,1.43,0.0,4.29,Timothy Castagne
,,320,0.0,0,0,0,0,0,0,0,0,0,0,0.0,0.0,0.0,0.0,0,0,0,0,0.0,0.0,0.0,0.0,0.0,0.0,0.0,0.0,0.0,0.0,0.0,0.0,0.0,Issa Diop
,,321,2.0,2,83,0,0,0,1,0,0,0,10,9.6,1.2,4.0,1.5,2,4,1,3,0.0,0.01,0.01,1.07,0.0,0.0,0.01,0.01,1.16,1.08,1.08,0.0,3.25,Jorge Cuenca Barreno
,,322,2.3,7,270,0,0,0,4,0,0,0,39,52.6,23.3,14.0,9.0,12,10,10,22,0.07,0.39,0.46,5.46,0.02,0.0,0.13,0.15,1.82,1.33,1.0,0.0,7.33,Kenny Tete
,,323,0.0,0,0,0,0,0,0,0,0,0,0,0.0,0.0,0.0,0.0,0,0,0,0,0.0,0.0,0.0,0.0,0.0,0.0,0.0,0.0,0.0,0.0,0.0,0.0,0.0,Samuel Amissah
,,324,3.3,10,238,0,1,0,4,1,0,2,37,38.4,72.2,19.0,13.0,3,9,3,15,0.11,0.58,0.69,4.99,0.04,0.0,0.22,0.26,1.89,1.51,1.13,0.0,5.67,Alex Iwobi
,,325,2.7,8,55,1,0,0,0,0,0,0,27,36.8,17.9,40.0,9.4,0,0,0,0,0.79,0.05,0.84,0.63,1.29,0.0,0.08,1.37,1.03,0.0,0.0,0.0,0.0,Emile Smith Rowe
,,326,1.0,2,30,0,0,0,0,0,0,0,6,4.2,15.5,6.0,2.5,0,1,0,1,0.0,0.07,0.07,0.47,0.0,0.0,0.21,0.21,1.41,0.0,0.0,0.0,3.0,Adama Traore Diarra
0.0,,327,0.0,0,0,0,0,0,0,0,0,0,0,0.0,0.0,0.0,0.0,0,0,0,0,0.0,0.0,0.0,0.0,0.0,0.0,0.0,0.0,0.0,0.0,0.0,0.0,0.0,Andreas Hoelgebaum Pereira
100.0,100.0,328,2.0,4,127,0,0,0,3,0,0,0,17,21.6,16.6,8.0,4.6,7,2,6,15,0.0,0.16,0.16,3.75,0.0,0.0,0.11,0.11,2.66,2.13,1.42,0.0,10.63,Ryan Sessegnon
100.0,75.0,329,2.3,7,148,0,1,0,1,0,0,0,26,8.6,8.1,26.0,4.2,1,4,3,8,0.1,0.12,0.22,1.75,0.06,0.0,0.07,0.13,1.06,0.61,0.61,0.0,4.86,Harry Wilson
,,330,2.0,6,245,0,0,0,4,0,0,0,25,23.2,6.8,11.0,4.1,5,8,3,16,0.41,0.06,0.47,5.03,0.15,0.0,0.02,0.17,1.85,1.47,1.1,0.0,5.88,Sander Berge
,,331,0.0,0,24,0,0,0,0,1,0,0,-3,0.0,0.4,0.0,0.0,0,2,0,2,0.0,0.0,0.0,0.43,0.0,0.0,0.0,0.0,1.61,0.0,0.0,0.0,7.5,Tom Cairney
,,332,2.0,6,270,0,0,0,4,2,0,0,36,37.2,127.0,6.0,17.0,7,11,7,25,0.0,0.56,0.56,5.46,0.0,0.0,0.19,0.19,1.82,1.33,1.0,0.0,8.33,Sasa Lukic
0.0,,333,0.0,0,0,0,0,0,0,0,0,0,0,0.0,0.0,0.0,0.0,0,0,0,0,0.0,0.0,0.0,0.0,0.0,0.0,0.0,0.0,0.0,0.0,0.0,0.0,0.0,Martial Godo
0.0,0.0,334,0.0,0,0,0,0,0,0,0,0,0,0,0.0,0.0,0.0,0.0,0,0,0,0,0.0,0.0,0.0,0.0,0.0,0.0,0.0,0.0,0.0,0.0,0.0,0.0,0.0,Luke Harris
,,335,2.0,6,212,0,0,0,4,0,0,0,23,28.2,27.9,61.0,11.6,2,10,4,16,0.39,0.22,0.61,4.82,0.17,0.0,0.09,0.26,2.05,1.7,1.27,0.0,6.79,Josh King
,,336,0.0,0,0,0,0,0,0,0,0,0,0,0.0,0.0,0.0,0.0,0,0,0,0,0.0,0.0,0.0,0.0,0.0,0.0,0.0,0.0,0.0,0.0,0.0,0.0,0.0,Harrison Reed
,,337,1.3,4,115,0,0,0,1,0,0,0,-2,1.0,6.6,20.0,2.0,2,1,1,4,0.4,0.0,0.4,1.32,0.31,0.0,0.0,0.31,1.03,0.78,0.78,0.0,3.13,Raul Jimenez Rodriguez
,,338,2.7,8,152,1,0,0,3,1,0,3,21,31.0,20.6,61.0,10.9,3,3,1,7,0.56,0.0,0.56,4.14,0.33,0.0,0.0,0.33,2.45,1.78,1.18,0.0,4.14,Rodrigo Muniz Carvalho
,,664,0.0,0,0,0,0,0,0,0,0,0,0,0.0,0.0,0.0,0.0,0,0,0,0,0.0,0.0,0.0,0.0,0.0,0.0,0.0,0.0,0.0,0.0,0.0,0.0,0.0,Benjamin Lecomte
,,727,0.0,0,0,0,0,0,0,0,0,0,0,0.0,0.0,0.0,0.0,0,0,0,0,0.0,0.0,0.0,0.0,0.0,0.0,0.0,0.0,0.0,0.0,0.0,0.0,0.0,Samuel Chukwueze
,,731,0.0,0,0,0,0,0,0,0,0,0,0,0.0,0.0,0.0,0.0,0,0,0,0,0.0,0.0,0.0,0.0,0.0,0.0,0.0,0.0,0.0,0.0,0.0,0.0,0.0,Kevin Santos Lopes de Macedo
,,339,0.0,0,0,0,0,0,0,0,0,0,0,0.0,0.0,0.0,0.0,0,0,0,0,0.0,0.0,0.0,0.0,0.0,0.0,0.0,0.0,0.0,0.0,0.0,0.0,0.0,Illan Meslier
,,340,0.0,0,0,0,0,0,0,0,0,0,0,0.0,0.0,0.0,0.0,0,0,0,0,0.0,0.0,0.0,0.0,0.0,0.0,0.0,0.0,0.0,0.0,0.0,0.0,0.0,Alex Cairns
,,341,0.0,0,0,0,0,0,0,0,0,0,0,0.0,0.0,0.0,0.0,0,0,0,0,0.0,0.0,0.0,0.0,0.0,0.0,0.0,0.0,0.0,0.0,0.0,0.0,0.0,Karl Darlow
100.0,100.0,342,3.7,11,262,0,0,2,4,1,0,0,34,27.8,13.8,15.0,5.7,11,17,5,16,0.09,0.03,0.12,3.1,0.03,0.0,0.01,0.04,1.06,1.37,1.03,0.69,5.5,Jayden Bogle
,,343,4.7,14,270,0,0,2,5,0,0,2,55,49.8,12.9,26.0,8.9,16,11,2,18,0.23,0.02,0.25,3.89,0.08,0.0,0.01,0.09,1.3,1.67,1.0,0.67,6.0,Pascal Struijk
100.0,100.0,344,0.0,0,0,0,0,0,0,0,0,0,0,0.0,0.0,0.0,0.0,0,0,0,0,0.0,0.0,0.0,0.0,0.0,0.0,0.0,0.0,0.0,0.0,0.0,0.0,0.0,Jaka Bijol
100.0,100.0,345,0.0,0,0,0,0,0,0,0,0,0,0,0.0,0.0,0.0,0.0,0,0,0,0,0.0,0.0,0.0,0.0,0.0,0.0,0.0,0.0,0.0,0.0,0.0,0.0,0.0,Sebastiaan Bornauw
,,346,1.0,1,7,0,0,0,1,0,0,0,-2,0.0,0.0,0.0,0.0,0,0,0,0,0.0,0.0,0.0,0.79,0.0,0.0,0.0,0.0,10.16,12.86,0.0,0.0,0.0,Sam Byram
75.0,,347,5.7,17,259,0,0,2,5,1,0,6,50,60.2,59.6,19.0,13.9,15,9,6,21,0.17,0.17,0.34,3.86,0.06,0.0,0.06,0.12,1.34,1.74,1.04,0.69,7.3,Gabriel Gudmundsson
75.0,,348,5.3,16,270,0,0,2,5,0,0,2,52,58.8,1.5,2.0,6.2,26,7,2,28,0.0,0.0,0.0,3.89,0.0,0.0,0.0,0.0,1.3,1.67,1.0,0.67,9.33,Joe Rodon
0.0,,349,0.0,0,0,0,0,0,0,0,0,0,0,0.0,0.0,0.0,0.0,0,0,0,0,0.0,0.0,0.0,0.0,0.0,0.0,0.0,0.0,0.0,0.0,0.0,0.0,0.0,Isaac Schmidt
,,350,1.0,3,77,0,0,0,1,0,0,0,23,16.6,27.4,6.0,5.0,0,2,4,6,0.0,0.27,0.27,1.41,0.0,0.0,0.32,0.32,1.65,1.17,0.0,0.0,7.01,Brenden Aaronson
,,351,1.7,5,190,0,0,1,4,1,0,0,22,13.8,21.4,16.0,5.1,2,6,8,16,0.18,0.06,0.24,2.48,0.09,0.0,0.03,0.12,1.17,1.89,1.42,0.47,7.58,Wilfried Gnonto
,,352,1.0,2,42,0,0,0,0,0,0,0,13,9.8,5.7,4.0,2.0,3,2,2,7,0.0,0.03,0.03,0.35,0.0,0.0,0.06,0.06,0.75,0.0,0.0,0.0,15.0,Jack Harrison
,,353,2.0,6,201,0,0,1,4,0,0,0,20,11.8,31.1,29.0,7.2,1,7,1,9,0.43,0.17,0.6,2.68,0.19,0.0,0.08,0.27,1.2,1.79,1.34,0.45,4.03,Daniel James
0.0,0.0,354,3.0,3,77,0,0,1,0,0,0,0,12,10.8,4.9,2.0,1.8,2,3,3,8,0.0,0.02,0.02,0.28,0.0,0.0,0.02,0.02,0.33,0.0,1.17,1.17,9.35,Ethan Ampadu
0.0,,355,0.0,0,0,0,0,0,0,0,0,0,0,0.0,0.0,0.0,0.0,0,0,0,0,0.0,0.0,0.0,0.0,0.0,0.0,0.0,0.0,0.0,0.0,0.0,0.0,0.0,Sam Greenwood
,,356,2.0,6,192,0,0,1,5,0,0,0,37,24.4,8.5,2.0,3.5,6,5,4,15,0.0,0.01,0.01,3.62,0.0,0.0,0.0,0.0,1.7,2.34,0.94,0.47,7.03,Ilia Gruev
0.0,,357,0.0,0,0,0,0,0,0,0,0,0,0,0.0,0.0,0.0,0.0,0,0,0,0,0.0,0.0,0.0,0.0,0.0,0.0,0.0,0.0,0.0,0.0,0.0,0.0,0.0,Largie Ramazani
0.0,0.0,358,2.0,4,147,0,0,1,4,0,0,0,15,2.2,27.6,9.0,3.9,1,8,0,9,0.09,0.03,0.12,2.4,0.06,0.0,0.02,0.08,1.47,2.45,1.22,0.61,5.51,Tanaka Ao
0.0,0.0,359,0.0,0,0,0,0,0,0,0,0,0,0,0.0,0.0,0.0,0.0,0,0,0,0,0.0,0.0,0.0,0.0,0.0,0.0,0.0,0.0,0.0,0.0,0.0,0.0,0.0,Charlie Crew
0.0,0.0,360,0.0,0,0,0,0,0,0,0,0,0,0,0.0,0.0,0.0,0.0,0,0,0,0,0.0,0.0,0.0,0.0,0.0,0.0,0.0,0.0,0.0,0.0,0.0,0.0,0.0,Joe Gelhardt
0.0,,361,0.0,0,0,0,0,0,0,0,0,0,0,0.0,0.0,0.0,0.0,0,0,0,0,0.0,0.0,0.0,0.0,0.0,0.0,0.0,0.0,0.0,0.0,0.0,0.0,0.0,Darko Gyabi
,,362,1.5,3,134,0,0,1,4,0,0,0,7,2.0,6.9,44.0,5.3,0,5,0,5,0.28,0.04,0.32,2.13,0.19,0.0,0.03,0.22,1.43,2.69,1.34,0.67,3.36,Joel Piroe
0.0,,363,0.0,0,0,0,0,0,0,0,0,0,0,0.0,0.0,0.0,0.0,0,0,0,0,0.0,0.0,0.0,0.0,0.0,0.0,0.0,0.0,0.0,0.0,0.0,0.0,0.0,Patrick Bamford
0.0,0.0,364,0.0,0,0,0,0,0,0,0,0,0,0,0.0,0.0,0.0,0.0,0,0,0,0,0.0,0.0,0.0,0.0,0.0,0.0,0.0,0.0,0.0,0.0,0.0,0.0,0.0,Mateo Joseph Fernandez-Regatillo
,,365,2.7,8,113,1,0,1,1,0,0,0,31,44.6,6.8,33.0,8.5,6,6,0,12,0.95,0.03,0.98,1.7,0.76,0.0,0.02,0.78,1.35,0.8,0.8,0.8,9.56,Lukas Nmecha
,,493,2.3,7,123,0,0,1,1,0,0,0,26,15.6,13.0,0.0,2.9,3,7,5,15,0.0,0.01,0.01,1.49,0.0,0.0,0.01,0.01,1.09,0.73,0.73,0.73,10.98,Sean Longstaff
,,660,4.3,13,270,0,1,2,5,0,0,0,39,40.8,137.0,33.0,21.1,10,7,6,23,0.45,0.38,0.83,3.89,0.15,0.0,0.13,0.28,1.3,1.67,1.0,0.67,7.67,Anton Stach
,,665,4.0,12,270,0,0,2,5,0,0,0,36,29.2,0.0,0.0,2.9,3,20,0,0,0.0,0.0,0.0,3.89,0.0,1.0,0.0,0.0,1.3,1.67,1.0,0.67,0.0,Lucas Estella Perri
100.0,100.0,691,1.0,1,20,0,0,0,0,0,0,0,3,1.2,0.5,20.0,2.2,0,2,0,2,0.07,0.0,0.07,0.07,0.32,0.0,0.0,0.32,0.32,0.0,0.0,0.0,9.0,Dominic Calvert-Lewin
100.0,25.0,698,1.0,1,24,0,0,0,1,0,0,0,3,4.6,0.3,0.0,0.5,0,2,2,4,0.0,0.0,0.0,0.87,0.0,0.0,0.0,0.0,3.26,3.75,0.0,0.0,15.0,Noah Okafor
,,706,1.0,1,10,0,0,0,0,0,0,0,3,0.0,0.0,0.0,0.0,0,0,0,0,0.0,0.0,0.0,0.03,0.0,0.0,0.0,0.0,0.27,0.0,0.0,0.0,0.0,James Justin
,,366,3.3,10,270,0,0,1,4,0,0,2,44,44.8,0.0,0.0,4.5,9,26,0,0,0.0,0.01,0.01,3.12,0.0,1.0,0.0,0.0,1.04,1.33,1.0,0.33,0.0,Alisson Becker
,,367,0.0,0,0,0,0,0,0,0,0,0,0,0.0,0.0,0.0,0.0,0,0,0,0,0.0,0.0,0.0,0.0,0.0,0.0,0.0,0.0,0.0,0.0,0.0,0.0,0.0,Giorgi Mamardashvili
,,368,0.0,0,0,0,0,0,0,0,0,0,0,0.0,0.0,0.0,0.0,0,0,0,0,0.0,0.0,0.0,0.0,0.0,0.0,0.0,0.0,0.0,0.0,0.0,0.0,0.0,Armin Pecsi
,,369,0.0,0,0,0,0,0,0,0,0,0,0,0.0,0.0,0.0,0.0,0,0,0,0,0.0,0.0,0.0,0.0,0.0,0.0,0.0,0.0,0.0,0.0,0.0,0.0,0.0,Freddie Woodman
0.0,0.0,370,1.0,1,59,0,0,0,0,0,0,0,8,5.4,1.3,2.0,0.9,3,1,1,4,0.01,0.01,0.02,0.81,0.02,0.0,0.02,0.04,1.24,0.0,1.53,0.0,6.1,Jeremie Frimpong
,,371,2.3,7,239,0,0,1,2,1,0,0,39,48.0,4.2,0.0,5.3,18,11,6,24,0.0,0.01,0.01,2.23,0.0,0.0,0.0,0.0,0.84,0.75,1.13,0.38,9.04,Milos Kerkez
,,372,0.0,0,30,0,0,0,2,0,0,0,-3,5.4,4.1,2.0,1.2,2,0,0,2,0.0,0.04,0.04,0.89,0.0,0.0,0.12,0.12,2.67,6.0,0.0,0.0,6.0,Andrew Robertson
,,373,4.7,14,270,0,0,1,4,0,0,2,50,119.2,4.9,27.0,15.1,43,7,1,44,0.18,0.03,0.21,3.12,0.06,0.0,0.01,0.07,1.04,1.33,1.0,0.33,14.67,Virgil van Dijk
,,374,2.3,7,258,0,0,1,4,1,0,0,37,50.8,2.4,0.0,5.3,16,8,2,18,0.0,0.01,0.01,3.03,0.0,0.0,0.0,0.0,1.06,1.4,1.05,0.35,6.28,Ibrahima Konate
100.0,100.0,375,0.0,0,10,0,0,0,1,1,0,0,-7,4.0,1.3,2.0,0.7,1,0,0,1,0.0,0.01,0.01,0.16,0.0,0.0,0.09,0.09,1.44,9.0,0.0,0.0,9.0,Conor Bradley
100.0,100.0,376,1.0,2,29,0,0,0,1,0,0,0,5,14.6,0.5,0.0,1.5,8,1,0,8,0.0,0.0,0.0,0.3,0.0,0.0,0.0,0.0,0.93,3.1,0.0,0.0,24.83,Joe Gomez
,,377,0.0,0,0,0,0,0,0,0,0,0,0,0.0,0.0,0.0,0.0,0,0,0,0,0.0,0.0,0.0,0.0,0.0,0.0,0.0,0.0,0.0,0.0,0.0,0.0,0.0,Konstantinos Tsimikas
,,378,0.0,0,0,0,0,0,0,0,0,0,0,0.0,0.0,0.0,0.0,0,0,0,0,0.0,0.0,0.0,0.0,0.0,0.0,0.0,0.0,0.0,0.0,0.0,0.0,0.0,Amara Nallo
,,379,0.0,0,0,0,0,0,0,0,0,0,0,0.0,0.0,0.0,0.0,0,0,0,0,0.0,0.0,0.0,0.0,0.0,0.0,0.0,0.0,0.0,0.0,0.0,0.0,0.0,Rhys Williams
,,380,0.0,0,0,0,0,0,0,0,0,0,0,0.0,0.0,0.0,0.0,0,0,0,0,0.0,0.0,0.0,0.0,0.0,0.0,0.0,0.0,0.0,0.0,0.0,0.0,0.0,Calvin Ramsay
,,381,5.3,16,270,1,1,1,4,0,0,1,65,70.4,68.9,74.0,21.3,2,12,0,14,0.31,0.35,0.66,3.12,0.1,0.0,0.12,0.22,1.04,1.33,1.0,0.33,4.67,Mohamed Salah
,,382,2.3,7,248,0,0,1,3,0,0,0,41,28.6,67.8,54.0,15.0,3,12,5,20,0.37,0.44,0.8,2.88,0.13,0.0,0.16,0.29,1.05,1.09,1.09,0.36,7.26,Florian Wirtz
0.0,0.0,383,0.0,0,0,0,0,0,0,0,0,0,0,0.0,0.0,0.0,0.0,0,0,0,0,0.0,0.0,0.0,0.0,0.0,0.0,0.0,0.0,0.0,0.0,0.0,0.0,0.0,Luis Diaz Marulanda
,,384,6.7,20,270,1,2,1,4,0,0,2,73,99.0,75.8,76.0,25.1,5,12,5,22,0.31,0.52,0.83,3.12,0.1,0.0,0.17,0.27,1.04,1.33,1.0,0.33,7.33,Cody Gakpo
,,385,2.7,8,29,1,0,0,1,0,0,0,33,36.6,0.7,19.0,5.7,1,0,1,2,0.28,0.0,0.28,0.25,0.87,0.0,0.0,0.87,0.78,3.1,0.0,0.0,6.21,Federico Chiesa
100.0,75.0,386,4.0,8,131,0,1,1,1,0,0,0,34,33.6,36.7,16.0,8.7,3,9,3,15,0.08,0.07,0.15,1.8,0.05,0.0,0.05,0.1,1.24,0.69,1.37,0.69,10.31,Alexis Mac Allister
,,387,5.7,17,270,1,0,1,4,0,0,3,75,79.6,49.2,33.0,16.2,13,14,7,34,0.13,0.12,0.25,3.12,0.04,0.0,0.04,0.08,1.04,1.33,1.0,0.33,11.33,Dominik Szoboszlai
,,388,2.3,7,137,0,1,0,3,0,0,0,34,21.2,30.3,0.0,5.1,1,9,4,14,0.0,0.08,0.08,1.32,0.0,0.0,0.05,0.05,0.87,1.97,0.66,0.0,9.2,Curtis Jones
100.0,100.0,390,4.5,9,180,1,0,1,2,2,0,1,41,46.8,21.6,8.0,7.7,4,11,2,17,0.04,0.02,0.06,1.42,0.02,0.0,0.01,0.03,0.71,1.0,1.0,0.5,8.5,Ryan Gravenberch
,,392,1.7,5,32,0,1,0,2,1,0,0,16,24.6,10.7,0.0,3.5,2,0,2,4,0.0,0.0,0.0,0.98,0.0,0.0,0.0,0.0,2.76,5.62,0.0,0.0,11.25,Endo Wataru
,,393,0.0,0,0,0,0,0,0,0,0,0,0,0.0,0.0,0.0,0.0,0,0,0,0,0.0,0.0,0.0,0.0,0.0,0.0,0.0,0.0,0.0,0.0,0.0,0.0,0.0,Stefan Bajcetic Maquieira
,,394,0.0,0,0,0,0,0,0,0,0,0,0,0.0,0.0,0.0,0.0,0,0,0,0,0.0,0.0,0.0,0.0,0.0,0.0,0.0,0.0,0.0,0.0,0.0,0.0,0.0,James McConnell
0.0,0.0,395,0.0,0,0,0,0,0,0,0,0,0,0,0.0,0.0,0.0,0.0,0,0,0,0,0.0,0.0,0.0,0.0,0.0,0.0,0.0,0.0,0.0,0.0,0.0,0.0,0.0,Tyler Morton
,,396,0.0,0,0,0,0,0,0,0,0,0,0,0.0,0.0,0.0,0.0,0,0,0,0,0.0,0.0,0.0,0.0,0.0,0.0,0.0,0.0,0.0,0.0,0.0,0.0,0.0,Trey Nyoni
0.0,0.0,397,0.0,0,0,0,0,0,0,0,0,0,0,0.0,0.0,0.0,0.0,0,0,0,0,0.0,0.0,0.0,0.0,0.0,0.0,0.0,0.0,0.0,0.0,0.0,0.0,0.0,Darwin Nunez Ribeiro
,,398,0.0,0,0,0,0,0,0,0,0,0,0,0.0,0.0,0.0,0.0,0,0,0,0,0.0,0.0,0.0,0.0,0.0,0.0,0.0,0.0,0.0,0.0,0.0,0.0,0.0,Jayden Danns
100.0,0.0,499,0.0,0,0,0,0,0,0,0,0,0,0,0.0,0.0,0.0,0.0,0,0,0,0,0.0,0.0,0.0,0.0,0.0,0.0,0.0,0.0,0.0,0.0,0.0,0.0,0.0,Alexander Isak
,,661,7.3,22,228,2,1,1,2,0,0,5,73,92.8,47.1,62.0,20.2,4,3,1,8,1.35,0.08,1.43,2.67,0.53,0.0,0.03,0.56,1.05,0.79,1.18,0.39,3.16,Hugo Ekitike
,,686,6.0,6,1,1,0,0,0,0,0,0,27,34.0,0.1,17.0,5.1,0,0,0,0,0.37,0.0,0.37,0.0,33.3,0.0,0.0,33.3,0.0,0.0,0.0,0.0,0.0,Rio Ngumoha
,,692,0.0,0,0,0,0,0,0,0,0,0,0,0.0,0.0,0.0,0.0,0,0,0,0,0.0,0.0,0.0,0.0,0.0,0.0,0.0,0.0,0.0,0.0,0.0,0.0,0.0,Giovanni Leoni
,,182,3.7,11,270,0,0,1,4,0,0,0,62,100.2,0.0,0.0,10.1,6,33,2,0,0.0,0.0,0.0,3.97,0.0,3.67,0.0,0.0,1.32,1.33,1.0,0.33,0.0,James Trafford
0.0,,399,0.0,0,0,0,0,0,0,0,0,0,0,0.0,0.0,0.0,0.0,0,0,0,0,0.0,0.0,0.0,0.0,0.0,0.0,0.0,0.0,0.0,0.0,0.0,0.0,0.0,Ederson Santana de Moraes
,,400,0.0,0,0,0,0,0,0,0,0,0,0,0.0,0.0,0.0,0.0,0,0,0,0,0.0,0.0,0.0,0.0,0.0,0.0,0.0,0.0,0.0,0.0,0.0,0.0,0.0,Stefan Ortega Moreno
0.0,0.0,401,0.0,0,0,0,0,0,0,0,0,0,0,0.0,0.0,0.0,0.0,0,0,0,0,0.0,0.0,0.0,0.0,0.0,0.0,0.0,0.0,0.0,0.0,0.0,0.0,0.0,Marcus Bettinelli
100.0,100.0,402,3.3,10,202,0,0,1,2,1,0,1,34,43.0,26.7,7.0,7.6,14,8,9,23,0.04,0.48,0.52,2.94,0.02,0.0,0.21,0.23,1.31,0.89,1.34,0.45,10.25,Rayan Ait-Nouri
0.0,0.0,403,0.0,0,0,0,0,0,0,0,0,0,0,0.0,0.0,0.0,0.0,0,0,0,0,0.0,0.0,0.0,0.0,0.0,0.0,0.0,0.0,0.0,0.0,0.0,0.0,0.0,Josko Gvardiol
0.0,,404,0.0,0,0,0,0,0,0,0,0,0,0,0.0,0.0,0.0,0.0,0,0,0,0,0.0,0.0,0.0,0.0,0.0,0.0,0.0,0.0,0.0,0.0,0.0,0.0,0.0,Manuel Akanji
,,405,1.0,1,67,0,0,0,2,0,0,0,9,15.2,9.8,5.0,3.0,4,2,1,5,0.14,0.12,0.26,1.03,0.19,0.0,0.16,0.35,1.38,2.69,0.0,0.0,6.72,Nathan Ake
75.0,,406,1.0,2,92,0,0,0,1,1,0,0,15,17.6,2.3,0.0,2.0,2,1,5,7,0.0,0.01,0.01,1.27,0.0,0.0,0.01,0.01,1.24,0.98,0.98,0.0,6.85,Abdukodir Khusanov
,,407,1.5,3,108,0,0,0,1,0,0,0,12,14.4,6.5,0.0,2.1,9,7,1,10,0.0,0.02,0.02,1.4,0.0,0.0,0.02,0.02,1.17,0.83,0.83,0.0,8.33,Matheus Nunes
,,408,2.7,8,185,0,0,1,3,0,0,0,30,45.4,3.4,2.0,5.1,10,6,2,12,0.0,0.09,0.09,2.78,0.0,0.0,0.04,0.04,1.35,1.46,0.97,0.49,5.84,Ruben dos Santos Gato Alves Dias
,,409,2.7,8,261,0,0,1,4,0,0,0,44,53.8,5.8,0.0,6.0,14,13,0,14,0.0,0.04,0.04,3.88,0.0,0.0,0.01,0.01,1.34,1.38,1.03,0.34,4.83,John Stones
75.0,,410,4.3,13,160,0,1,1,3,0,0,2,44,46.4,28.2,13.0,8.7,9,4,3,12,0.02,0.67,0.69,2.57,0.01,0.0,0.38,0.39,1.45,1.69,1.12,0.56,6.75,Rico Lewis
75.0,,411,0.5,1,42,0,0,0,1,1,0,0,-3,7.8,6.5,2.0,1.6,1,1,2,3,0.02,0.01,0.03,1.44,0.04,0.0,0.02,0.06,3.09,2.14,0.0,0.0,6.43,Nico O'Reilly
0.0,0.0,412,0.0,0,0,0,0,0,0,0,0,0,0,0.0,0.0,0.0,0.0,0,0,0,0,0.0,0.0,0.0,0.0,0.0,0.0,0.0,0.0,0.0,0.0,0.0,0.0,0.0,Vitor de Oliveira Nunes dos Reis
,,413,3.0,9,148,0,1,0,3,0,0,2,37,38.2,36.1,58.0,13.3,3,7,3,13,0.82,0.45,1.27,1.9,0.5,0.0,0.27,0.77,1.16,1.82,1.22,0.0,7.91,Omar Marmoush
100.0,100.0,414,1.0,1,15,0,0,0,0,0,0,0,8,5.6,14.3,12.0,3.2,0,3,0,3,0.18,0.02,0.2,0.36,1.08,0.0,0.12,1.2,2.16,0.0,0.0,0.0,18.0,Phil Foden
0.0,0.0,415,0.0,0,0,0,0,0,0,0,0,0,0,0.0,0.0,0.0,0.0,0,0,0,0,0.0,0.0,0.0,0.0,0.0,0.0,0.0,0.0,0.0,0.0,0.0,0.0,0.0,Savio Moreira de Oliveira
,,416,2.0,6,172,0,0,1,1,0,0,0,35,28.4,70.1,10.0,10.8,5,6,5,16,0.0,0.49,0.49,1.91,0.0,0.0,0.26,0.26,1.0,0.52,1.05,0.52,8.37,Bernardo Mota Veiga de Carvalho e Silva
0.0,,417,3.5,7,70,1,0,0,2,0,0,0,32,50.2,28.3,15.0,9.4,2,3,4,9,0.06,0.47,0.53,0.83,0.08,0.0,0.6,0.68,1.07,2.57,1.29,0.0,11.57,Rayan Cherki
,,418,1.7,5,119,0,0,1,1,0,0,0,9,6.2,36.5,14.0,5.5,0,2,0,2,0.0,0.28,0.28,2.07,0.0,0.0,0.21,0.21,1.57,0.76,0.76,0.76,1.51,Jeremy Doku
0.0,,420,0.0,0,0,0,0,0,0,0,0,0,0,0.0,0.0,0.0,0.0,0,0,0,0,0.0,0.0,0.0,0.0,0.0,0.0,0.0,0.0,0.0,0.0,0.0,0.0,0.0,Ilkay Gundogan
100.0,100.0,421,1.5,3,105,0,0,0,2,0,0,0,21,18.4,28.8,18.0,6.5,1,12,2,15,0.08,0.18,0.26,2.66,0.07,0.0,0.15,0.22,2.28,1.71,0.86,0.0,12.86,Rodrigo 'Rodri' Hernandez Cascante
0.0,0.0,422,0.0,0,0,0,0,0,0,0,0,0,0,0.0,0.0,0.0,0.0,0,0,0,0,0.0,0.0,0.0,0.0,0.0,0.0,0.0,0.0,0.0,0.0,0.0,0.0,0.0,Mateo Kovacic
,,423,2.0,4,164,0,0,1,2,1,0,0,42,35.2,12.3,6.0,5.3,5,6,6,17,0.05,0.07,0.12,1.31,0.03,0.0,0.04,0.07,0.72,1.1,1.1,0.55,9.33,Nico Gonzalez Iglesias
,,424,3.3,10,254,0,1,1,4,0,0,0,42,39.6,66.0,38.0,14.4,1,10,4,15,0.3,0.46,0.76,3.61,0.11,0.0,0.16,0.27,1.28,1.42,1.06,0.35,5.31,Oscar Bobb
0.0,0.0,425,0.0,0,0,0,0,0,0,0,0,0,0,0.0,0.0,0.0,0.0,0,0,0,0,0.0,0.0,0.0,0.0,0.0,0.0,0.0,0.0,0.0,0.0,0.0,0.0,0.0,Claudio Echeverri
,,427,4.7,14,270,1,1,1,4,1,0,0,61,67.0,61.1,33.0,16.2,2,8,3,13,0.26,0.3,0.56,3.97,0.09,0.0,0.1,0.19,1.32,1.33,1.0,0.33,4.33,Tijjani Reijnders
0.0,0.0,428,0.0,0,0,0,0,0,0,0,0,0,0,0.0,0.0,0.0,0.0,0,0,0,0,0.0,0.0,0.0,0.0,0.0,0.0,0.0,0.0,0.0,0.0,0.0,0.0,0.0,Sverre Nypan
,,429,0.0,0,0,0,0,0,0,0,0,0,0,0.0,0.0,0.0,0.0,0,0,0,0,0.0,0.0,0.0,0.0,0.0,0.0,0.0,0.0,0.0,0.0,0.0,0.0,0.0,Kalvin Phillips
,,430,8.0,24,252,3,0,1,4,0,0,6,84,89.8,15.9,182.0,28.8,1,5,1,7,3.86,0.3,4.16,3.76,1.38,0.0,0.11,1.49,1.34,1.43,1.07,0.36,2.5,Erling Haaland
,,736,0.0,0,0,0,0,0,0,0,0,0,0,0.0,0.0,0.0,0.0,0,0,0,0,0.0,0.0,0.0,0.0,0.0,0.0,0.0,0.0,0.0,0.0,0.0,0.0,0.0,Gianluigi Donnarumma
,,119,4.7,14,270,1,0,0,4,0,0,3,64,65.0,143.3,107.0,31.5,1,8,0,9,1.08,1.02,2.1,4.27,0.36,0.0,0.34,0.7,1.42,1.33,1.0,0.0,3.0,Bryan Mbeumo
,,431,1.7,5,270,0,0,0,4,0,0,0,29,41.0,10.0,0.0,5.1,1,28,0,0,0.0,0.04,0.04,4.27,0.0,1.67,0.01,0.01,1.42,1.33,1.0,0.0,0.0,Altay BayÄ±ndÄ±r
100.0,100.0,432,0.0,0,0,0,0,0,0,0,0,0,0,0.0,0.0,0.0,0.0,0,0,0,0,0.0,0.0,0.0,0.0,0.0,0.0,0.0,0.0,0.0,0.0,0.0,0.0,0.0,Andre Onana
0.0,0.0,433,0.0,0,0,0,0,0,0,0,0,0,0,0.0,0.0,0.0,0.0,0,0,0,0,0.0,0.0,0.0,0.0,0.0,0.0,0.0,0.0,0.0,0.0,0.0,0.0,0.0,Elyh Harrison
,,434,0.0,0,0,0,0,0,0,0,0,0,0,0.0,0.0,0.0,0.0,0,0,0,0,0.0,0.0,0.0,0.0,0.0,0.0,0.0,0.0,0.0,0.0,0.0,0.0,0.0,Tom Heaton
,,435,0.0,0,0,0,0,0,0,0,0,0,0,0.0,0.0,0.0,0.0,0,0,0,0,0.0,0.0,0.0,0.0,0.0,0.0,0.0,0.0,0.0,0.0,0.0,0.0,0.0,Dermot Mee
,,436,4.0,12,270,0,0,0,4,0,0,3,44,72.6,16.4,31.0,11.9,22,10,3,25,0.31,0.07,0.38,4.27,0.1,0.0,0.02,0.12,1.42,1.33,1.0,0.0,8.33,Matthijs de Ligt
0.0,0.0,437,0.0,0,0,0,0,0,0,0,0,0,0,0.0,0.0,0.0,0.0,0,0,0,0,0.0,0.0,0.0,0.0,0.0,0.0,0.0,0.0,0.0,0.0,0.0,0.0,0.0,Lisandro Martinez
100.0,0.0,438,1.0,1,5,0,0,0,0,0,0,0,5,4.6,0.5,0.0,0.5,1,0,1,2,0.0,0.0,0.0,0.0,0.0,0.0,0.0,0.0,0.0,0.0,0.0,0.0,36.0,Noussair Mazraoui
,,439,0.0,0,0,0,0,0,0,0,0,0,0,0.0,0.0,0.0,0.0,0,0,0,0,0.0,0.0,0.0,0.0,0.0,0.0,0.0,0.0,0.0,0.0,0.0,0.0,0.0,Diego Leon Blanco
75.0,,440,2.0,6,182,0,1,0,4,0,0,0,18,43.6,52.0,18.0,11.3,8,6,4,12,0.01,0.62,0.63,3.09,0.0,0.0,0.31,0.31,1.53,1.98,0.99,0.0,5.93,Diogo Dalot Teixeira
,,441,1.5,3,180,0,0,0,2,1,0,0,8,13.8,7.3,14.0,3.5,5,3,4,9,0.04,0.06,0.1,3.07,0.02,0.0,0.03,0.05,1.54,1.0,1.0,0.0,4.5,Patrick Dorgu
,,442,1.0,2,13,0,0,0,0,0,0,0,4,5.4,0.5,4.0,1.0,4,0,0,4,0.1,0.0,0.1,0.24,0.69,0.0,0.0,0.69,1.66,0.0,0.0,0.0,27.69,Harry Maguire
,,443,1.7,5,255,0,0,0,4,0,0,0,16,33.8,19.1,0.0,5.3,6,8,7,13,0.0,0.05,0.05,4.03,0.0,0.0,0.02,0.02,1.42,1.41,1.06,0.0,4.59,Luke Shaw
,,444,3.7,11,260,0,1,0,4,0,0,1,35,41.0,18.5,13.0,7.2,18,6,5,23,0.27,0.04,0.31,4.24,0.09,0.0,0.01,0.1,1.47,1.38,1.04,0.0,7.96,Leny Yoro
0.0,,445,0.0,0,0,0,0,0,0,0,0,0,0,0.0,0.0,0.0,0.0,0,0,0,0,0.0,0.0,0.0,0.0,0.0,0.0,0.0,0.0,0.0,0.0,0.0,0.0,0.0,Harry Amass
,,446,0.0,0,0,0,0,0,0,0,0,0,0,0.0,0.0,0.0,0.0,0,0,0,0,0.0,0.0,0.0,0.0,0.0,0.0,0.0,0.0,0.0,0.0,0.0,0.0,0.0,Tyler Fredricson
,,447,1.0,1,3,0,0,0,0,0,0,0,3,2.0,0.0,0.0,0.2,1,0,0,1,0.0,0.0,0.0,0.03,0.0,0.0,0.0,0.0,0.9,0.0,0.0,0.0,30.0,Ayden Heaven
,,448,0.0,0,0,0,0,0,0,0,0,0,0,0.0,0.0,0.0,0.0,0,0,0,0,0.0,0.0,0.0,0.0,0.0,0.0,0.0,0.0,0.0,0.0,0.0,0.0,0.0,Tyrell Malacia
,,449,4.7,14,270,1,0,0,4,1,0,2,66,105.2,166.3,49.0,32.1,9,24,8,41,1.89,0.59,2.48,4.27,0.63,0.0,0.2,0.83,1.42,1.33,1.0,0.0,13.67,Bruno Borges Fernandes
75.0,,450,1.7,5,210,0,0,0,2,0,0,0,28,33.2,43.3,81.0,15.8,1,5,2,8,0.82,0.22,1.04,3.07,0.35,0.0,0.09,0.44,1.32,0.86,1.29,0.0,3.43,Matheus Santos Carneiro da Cunha
0.0,0.0,451,0.0,0,0,0,0,0,0,0,0,0,0,0.0,0.0,0.0,0.0,0,0,0,0,0.0,0.0,0.0,0.0,0.0,0.0,0.0,0.0,0.0,0.0,0.0,0.0,0.0,Marcus Rashford
,,452,2.3,7,176,0,1,0,2,0,0,0,43,40.2,43.0,74.0,15.8,4,10,6,20,0.8,0.12,0.92,2.37,0.41,0.0,0.06,0.47,1.21,1.02,1.02,0.0,10.23,Amad Diallo
0.0,,454,0.0,0,0,0,0,0,0,0,0,0,0,0.0,0.0,0.0,0.0,0,0,0,0,0.0,0.0,0.0,0.0,0.0,0.0,0.0,0.0,0.0,0.0,0.0,0.0,0.0,Antony dos Santos
75.0,,455,2.0,6,177,0,0,1,1,0,0,0,25,18.4,68.9,31.0,11.8,0,8,5,13,0.18,0.44,0.62,2.36,0.09,0.0,0.22,0.31,1.2,0.51,1.53,0.51,6.61,Mason Mount
,,457,2.3,7,187,0,1,0,3,1,0,0,39,23.6,19.9,6.0,4.9,4,8,6,18,0.13,0.04,0.17,3.2,0.06,0.0,0.02,0.08,1.54,1.44,1.44,0.0,8.66,Carlos Henrique Casimiro
,,458,1.0,1,45,0,0,0,2,0,0,0,5,5.4,16.7,3.0,2.5,0,4,1,5,0.07,0.09,0.16,1.0,0.14,0.0,0.18,0.32,2.0,4.0,0.0,0.0,10.0,Kobbie Mainoo
,,459,1.0,2,46,0,0,0,1,0,0,0,7,8.6,12.2,1.0,2.1,2,1,3,6,0.03,0.01,0.04,0.91,0.06,0.0,0.02,0.08,1.78,1.96,0.0,0.0,11.74,Manuel Ugarte Ribeiro
0.0,0.0,460,0.0,0,0,0,0,0,0,0,0,0,0,0.0,0.0,0.0,0.0,0,0,0,0,0.0,0.0,0.0,0.0,0.0,0.0,0.0,0.0,0.0,0.0,0.0,0.0,0.0,Toby Collyer
,,461,0.0,0,0,0,0,0,0,0,0,0,0,0.0,0.0,0.0,0.0,0,0,0,0,0.0,0.0,0.0,0.0,0.0,0.0,0.0,0.0,0.0,0.0,0.0,0.0,0.0,Jayce Fitzgerald
,,462,0.0,0,0,0,0,0,0,0,0,0,0,0.0,0.0,0.0,0.0,0,0,0,0,0.0,0.0,0.0,0.0,0.0,0.0,0.0,0.0,0.0,0.0,0.0,0.0,0.0,Jack Fletcher
,,463,0.0,0,0,0,0,0,0,0,0,0,0,0.0,0.0,0.0,0.0,0,0,0,0,0.0,0.0,0.0,0.0,0.0,0.0,0.0,0.0,0.0,0.0,0.0,0.0,0.0,Sekou Kone
100.0,100.0,464,0.0,0,0,0,0,0,0,0,0,0,0,0.0,0.0,0.0,0.0,0,0,0,0,0.0,0.0,0.0,0.0,0.0,0.0,0.0,0.0,0.0,0.0,0.0,0.0,0.0,Jack Moorhouse
0.0,,465,0.0,0,0,0,0,0,0,0,0,0,0,0.0,0.0,0.0,0.0,0,0,0,0,0.0,0.0,0.0,0.0,0.0,0.0,0.0,0.0,0.0,0.0,0.0,0.0,0.0,Rasmus Hojlund
100.0,100.0,466,1.0,1,59,0,0,0,2,0,0,0,-2,8.2,15.4,52.0,7.6,2,1,0,3,0.67,0.03,0.7,1.2,1.02,0.0,0.05,1.07,1.83,3.05,0.0,0.0,4.58,Joshua Zirkzee
,,467,0.0,0,0,0,0,0,0,0,0,0,0,0.0,0.0,0.0,0.0,0,0,0,0,0.0,0.0,0.0,0.0,0.0,0.0,0.0,0.0,0.0,0.0,0.0,0.0,0.0,Chido Obi
100.0,100.0,468,0.0,0,0,0,0,0,0,0,0,0,0,0.0,0.0,0.0,0.0,0,0,0,0,0.0,0.0,0.0,0.0,0.0,0.0,0.0,0.0,0.0,0.0,0.0,0.0,0.0,Ethan Wheatley
,,681,1.0,3,80,0,0,0,1,0,0,0,2,0.4,23.9,22.0,4.0,0,2,0,2,0.38,0.1,0.48,1.07,0.43,0.0,0.11,0.54,1.2,1.12,0.0,0.0,2.25,Benjamin Sesko
,,733,0.0,0,0,0,0,0,0,0,0,0,0,0.0,0.0,0.0,0.0,0,0,0,0,0.0,0.0,0.0,0.0,0.0,0.0,0.0,0.0,0.0,0.0,0.0,0.0,0.0,Senne Lammens
75.0,,52,1.0,2,59,0,0,0,1,0,0,0,13,13.4,41.8,7.0,6.2,0,5,1,6,0.03,0.12,0.15,0.91,0.05,0.0,0.18,0.23,1.39,1.53,1.53,0.0,9.15,Jacob Ramsey
100.0,0.0,135,0.0,0,0,0,0,0,0,0,0,0,0,0.0,0.0,0.0,0.0,0,0,0,0,0.0,0.0,0.0,0.0,0.0,0.0,0.0,0.0,0.0,0.0,0.0,0.0,0.0,Yoane Wissa
,,469,6.0,18,270,0,1,2,3,1,0,2,60,47.2,0.0,0.0,4.7,3,31,0,0,0.0,0.0,0.0,1.59,0.0,1.67,0.0,0.0,0.53,1.0,1.0,0.67,0.0,Nick Pope
,,471,0.0,0,0,0,0,0,0,0,0,0,0,0.0,0.0,0.0,0.0,0,0,0,0,0.0,0.0,0.0,0.0,0.0,0.0,0.0,0.0,0.0,0.0,0.0,0.0,0.0,Mark Gillespie
0.0,0.0,472,0.0,0,0,0,0,0,0,0,0,0,0,0.0,0.0,0.0,0.0,0,0,0,0,0.0,0.0,0.0,0.0,0.0,0.0,0.0,0.0,0.0,0.0,0.0,0.0,0.0,Odysseas Vlachodimos
,,473,1.0,2,43,0,0,0,1,0,0,0,4,9.0,1.4,3.0,1.4,5,1,2,7,0.04,0.0,0.04,0.44,0.08,0.0,0.0,0.08,0.92,2.09,0.0,0.0,14.65,Lewis Hall
100.0,100.0,474,5.0,15,260,0,0,2,2,0,0,0,54,51.4,13.7,13.0,7.9,20,11,4,24,0.08,0.04,0.12,1.22,0.03,0.0,0.01,0.04,0.42,0.69,1.04,0.69,8.31,Fabian Schar
,,475,8.0,8,67,0,0,1,0,0,0,2,29,19.8,0.3,0.0,2.0,7,5,2,9,0.0,0.0,0.0,0.62,0.0,0.0,0.0,0.0,0.83,0.0,1.34,1.34,12.09,Sven Botman
,,476,5.7,17,270,0,0,2,3,1,0,1,52,45.4,16.8,14.0,7.7,22,11,2,24,0.01,0.09,0.1,1.59,0.0,0.0,0.03,0.03,0.53,1.0,1.0,0.67,8.0,Dan Burn
,,477,6.3,19,270,0,1,2,3,0,0,3,66,45.6,44.7,12.0,10.2,4,15,2,6,0.0,0.26,0.26,1.59,0.0,0.0,0.09,0.09,0.53,1.0,1.0,0.67,2.0,Tino Livramento
,,478,4.3,13,226,0,0,2,2,0,0,0,45,14.6,47.4,2.0,6.3,4,12,1,5,0.0,0.16,0.16,1.15,0.0,0.0,0.06,0.06,0.46,0.8,1.19,0.8,1.99,Kieran Trippier
,,479,0.0,0,0,0,0,0,0,0,0,0,0,0.0,0.0,0.0,0.0,0,0,0,0,0.0,0.0,0.0,0.0,0.0,0.0,0.0,0.0,0.0,0.0,0.0,0.0,0.0,Emil Krafth
,,480,0.0,0,0,0,0,0,0,0,0,0,0,0.0,0.0,0.0,0.0,0,0,0,0,0.0,0.0,0.0,0.0,0.0,0.0,0.0,0.0,0.0,0.0,0.0,0.0,0.0,Jamaal Lascelles
,,481,0.0,0,0,0,0,0,0,0,0,0,0,0.0,0.0,0.0,0.0,0,0,0,0,0.0,0.0,0.0,0.0,0.0,0.0,0.0,0.0,0.0,0.0,0.0,0.0,0.0,Alex Murphy
,,482,0.0,0,0,0,0,0,0,0,0,0,0,0.0,0.0,0.0,0.0,0,0,0,0,0.0,0.0,0.0,0.0,0.0,0.0,0.0,0.0,0.0,0.0,0.0,0.0,0.0,Harrison Ashby
,,483,0.0,0,0,0,0,0,0,0,0,0,0,0.0,0.0,0.0,0.0,0,0,0,0,0.0,0.0,0.0,0.0,0.0,0.0,0.0,0.0,0.0,0.0,0.0,0.0,0.0,Miodrag Pivas
0.0,,484,0.0,0,0,0,0,0,0,0,0,0,0,0.0,0.0,0.0,0.0,0,0,0,0,0.0,0.0,0.0,0.0,0.0,0.0,0.0,0.0,0.0,0.0,0.0,0.0,0.0,Matt Targett
0.0,0.0,485,0.5,1,137,0,0,1,3,0,1,0,-2,5.4,24.2,86.0,11.3,0,7,0,7,1.03,0.05,1.08,0.27,0.68,0.0,0.03,0.71,0.18,1.97,1.31,0.66,4.6,Anthony Gordon
,,486,2.0,6,195,0,0,1,3,0,0,0,20,19.0,45.4,37.0,10.1,1,3,1,5,0.57,0.13,0.7,0.94,0.26,0.0,0.06,0.32,0.43,1.38,0.92,0.46,2.31,Anthony Elanga
,,487,2.0,6,186,0,0,1,2,0,0,0,27,20.2,73.6,31.0,12.5,1,5,1,7,0.26,0.71,0.97,0.6,0.13,0.0,0.34,0.47,0.29,0.97,0.97,0.48,3.39,Harvey Barnes
,,488,4.0,12,270,1,0,2,3,1,0,0,47,52.2,40.5,19.0,11.1,1,19,8,28,0.17,0.17,0.34,1.59,0.06,0.0,0.06,0.12,0.53,1.0,1.0,0.67,9.33,Bruno Guimaraes Rodriguez Moura
,,489,2.0,4,73,0,0,1,0,0,0,0,10,6.6,3.7,37.0,4.7,0,3,0,3,0.08,0.02,0.1,0.65,0.1,0.0,0.02,0.12,0.8,0.0,1.23,1.23,3.7,Jacob Murphy
0.0,0.0,490,2.0,4,157,0,0,1,2,1,0,0,14,11.0,4.6,13.0,2.9,4,8,4,16,0.03,0.02,0.05,0.5,0.02,0.0,0.01,0.03,0.29,1.15,1.15,0.57,9.17,Joelinton Cassio Apolinario de Lira
100.0,50.0,491,2.7,8,245,0,0,2,2,0,0,0,44,23.4,66.5,8.0,9.8,4,14,2,20,0.09,0.24,0.33,1.22,0.03,0.0,0.09,0.12,0.45,0.73,1.1,0.73,7.35,Sandro Tonali
100.0,100.0,492,0.0,0,0,0,0,0,0,0,0,0,0,0.0,0.0,0.0,0.0,0,0,0,0,0.0,0.0,0.0,0.0,0.0,0.0,0.0,0.0,0.0,0.0,0.0,0.0,0.0,Antonito Cordero Campillo
100.0,100.0,494,0.0,0,0,0,0,0,0,0,0,0,0,0.0,0.0,0.0,0.0,0,0,0,0,0.0,0.0,0.0,0.0,0.0,0.0,0.0,0.0,0.0,0.0,0.0,0.0,0.0,Joe Willock
0.0,0.0,495,0.0,0,0,0,0,0,0,0,0,0,0,0.0,0.0,0.0,0.0,0,0,0,0,0.0,0.0,0.0,0.0,0.0,0.0,0.0,0.0,0.0,0.0,0.0,0.0,0.0,Isaac Hayden
,,496,0.0,0,0,0,0,0,0,0,0,0,0,0.0,0.0,0.0,0.0,0,0,0,0,0.0,0.0,0.0,0.0,0.0,0.0,0.0,0.0,0.0,0.0,0.0,0.0,0.0,Garang Kuol
,,497,1.0,3,76,0,0,0,1,0,0,0,15,8.6,13.8,4.0,2.7,2,5,1,8,0.03,0.02,0.05,0.55,0.04,0.0,0.02,0.06,0.65,1.18,0.0,0.0,9.47,Lewis Miley
0.0,0.0,498,0.0,0,0,0,0,0,0,0,0,0,0,0.0,0.0,0.0,0.0,0,0,0,0,0.0,0.0,0.0,0.0,0.0,0.0,0.0,0.0,0.0,0.0,0.0,0.0,0.0,Joe White
,,500,2.7,8,105,1,0,1,1,0,0,0,32,31.0,3.5,31.0,6.3,0,3,1,4,0.4,0.02,0.42,1.06,0.34,0.0,0.02,0.36,0.91,0.86,0.86,0.86,3.43,William Osula
,,501,0.0,0,0,0,0,0,0,0,0,0,0,0.0,0.0,0.0,0.0,0,0,0,0,0.0,0.0,0.0,0.0,0.0,0.0,0.0,0.0,0.0,0.0,0.0,0.0,0.0,Sean Neave
,,674,0.0,0,0,0,0,0,0,0,0,0,0,0.0,0.0,0.0,0.0,0,0,0,0,0.0,0.0,0.0,0.0,0.0,0.0,0.0,0.0,0.0,0.0,0.0,0.0,0.0,Aaron Ramsdale
,,684,1.0,1,9,0,0,0,1,0,0,0,-1,1.8,0.1,0.0,0.2,1,0,0,1,0.0,0.0,0.0,0.37,0.0,0.0,0.0,0.0,3.7,10.0,0.0,0.0,10.0,Malick Thiaw
,,689,0.0,0,0,0,0,0,0,0,0,0,0,0.0,0.0,0.0,0.0,0,0,0,0,0.0,0.0,0.0,0.0,0.0,0.0,0.0,0.0,0.0,0.0,0.0,0.0,0.0,Seung-Soo Park
,,714,0.0,0,0,0,0,0,0,0,0,0,0,0.0,0.0,0.0,0.0,0,0,0,0,0.0,0.0,0.0,0.0,0.0,0.0,0.0,0.0,0.0,0.0,0.0,0.0,0.0,Nick Woltemade
,,12,0.0,0,0,0,0,0,0,0,0,0,0,0.0,0.0,0.0,0.0,0,0,0,0,0.0,0.0,0.0,0.0,0.0,0.0,0.0,0.0,0.0,0.0,0.0,0.0,0.0,Oleksandr Zinchenko
,,426,1.0,2,50,0,0,0,3,0,0,0,11,6.8,23.6,4.0,3.5,0,3,1,4,0.0,0.12,0.12,1.95,0.0,0.0,0.22,0.22,3.51,5.4,0.0,0.0,7.2,James McAtee
,,502,2.0,6,270,0,0,0,5,1,0,0,29,73.8,0.0,0.0,7.5,1,23,0,0,0.0,0.0,0.0,5.02,0.0,3.33,0.0,0.0,1.67,1.67,1.0,0.0,0.0,Matz Sels
0.0,0.0,503,0.0,0,0,0,0,0,0,0,0,0,0,0.0,0.0,0.0,0.0,0,0,0,0,0.0,0.0,0.0,0.0,0.0,0.0,0.0,0.0,0.0,0.0,0.0,0.0,0.0,Carlos Miguel dos Santos Pereira
0.0,0.0,504,0.0,0,0,0,0,0,0,0,0,0,0,0.0,0.0,0.0,0.0,0,0,0,0,0.0,0.0,0.0,0.0,0.0,0.0,0.0,0.0,0.0,0.0,0.0,0.0,0.0,Matt Turner
,,505,1.7,5,270,0,0,0,5,0,0,0,18,43.8,3.4,8.0,5.6,17,7,2,19,0.05,0.03,0.08,5.02,0.02,0.0,0.01,0.03,1.67,1.67,1.0,0.0,6.33,Nikola Milenkovic
,,506,1.3,4,270,0,0,0,5,1,0,0,18,39.8,11.9,0.0,5.2,13,20,2,15,0.0,0.2,0.2,5.02,0.0,0.0,0.07,0.07,1.67,1.67,1.0,0.0,5.0,Murillo Costa dos Santos
,,507,2.0,6,270,0,0,0,5,1,0,0,20,53.8,33.3,11.0,9.8,16,20,6,22,0.04,0.32,0.36,5.02,0.01,0.0,0.11,0.12,1.67,1.67,1.0,0.0,7.33,Ola Aina
,,508,1.3,4,270,0,0,0,5,1,0,0,30,38.2,36.2,21.0,9.5,6,13,8,14,0.03,0.13,0.16,5.02,0.01,0.0,0.04,0.05,1.67,1.67,1.0,0.0,4.67,Neco Williams
0.0,,509,0.0,0,0,0,0,0,0,0,0,0,0,0.0,0.0,0.0,0.0,0,0,0,0,0.0,0.0,0.0,0.0,0.0,0.0,0.0,0.0,0.0,0.0,0.0,0.0,0.0,David Mota Veiga Teixeira do Carmo
,,510,0.0,0,0,0,0,0,0,0,0,0,0,0.0,0.0,0.0,0.0,0,0,0,0,0.0,0.0,0.0,0.0,0.0,0.0,0.0,0.0,0.0,0.0,0.0,0.0,0.0,Jair Paula da Cunha Filho
,,511,0.0,0,0,0,0,0,0,0,0,0,0,0.0,0.0,0.0,0.0,0,0,0,0,0.0,0.0,0.0,0.0,0.0,0.0,0.0,0.0,0.0,0.0,0.0,0.0,0.0,Felipe Rodrigues da Silva
0.0,,512,0.0,0,0,0,0,0,0,0,0,0,0,0.0,0.0,0.0,0.0,0,0,0,0,0.0,0.0,0.0,0.0,0.0,0.0,0.0,0.0,0.0,0.0,0.0,0.0,0.0,Omar Richards
,,513,0.0,0,0,0,0,0,0,0,0,0,0,0.0,0.0,0.0,0.0,0,0,0,0,0.0,0.0,0.0,0.0,0.0,0.0,0.0,0.0,0.0,0.0,0.0,0.0,0.0,Zach Abbott
,,514,0.0,0,0,0,0,0,0,0,0,0,0,0.0,0.0,0.0,0.0,0,0,0,0,0.0,0.0,0.0,0.0,0.0,0.0,0.0,0.0,0.0,0.0,0.0,0.0,0.0,Willy Boly
,,515,3.0,9,254,0,1,0,5,0,0,0,43,36.4,83.5,50.0,16.8,1,8,2,11,0.64,0.46,1.1,5.02,0.23,0.0,0.16,0.39,1.78,1.77,1.06,0.0,3.9,Morgan Gibbs-White
,,516,4.7,14,249,1,0,0,4,0,0,3,62,58.6,77.9,58.0,19.5,2,3,1,6,0.37,0.35,0.72,4.06,0.13,0.0,0.13,0.26,1.47,1.45,1.08,0.0,2.17,Callum Hudson-Odoi
,,517,3.3,10,270,0,1,0,5,0,0,1,61,78.6,92.1,30.0,20.1,3,18,12,33,0.41,0.44,0.85,5.02,0.14,0.0,0.15,0.29,1.67,1.67,1.0,0.0,11.0,Elliot Anderson
,,518,1.0,1,11,0,0,0,0,0,0,0,6,5.0,0.5,4.0,1.0,1,0,2,3,0.0,0.0,0.0,0.0,0.0,0.0,0.0,0.0,0.0,0.0,0.0,0.0,24.55,Joao Pedro Ferreira da Silva
0.0,0.0,519,0.0,0,0,0,0,0,0,0,0,0,0,0.0,0.0,0.0,0.0,0,0,0,0,0.0,0.0,0.0,0.0,0.0,0.0,0.0,0.0,0.0,0.0,0.0,0.0,0.0,Nicolas Dominguez
0.0,0.0,520,0.0,0,0,0,0,0,0,0,0,0,0,0.0,0.0,0.0,0.0,0,0,0,0,0.0,0.0,0.0,0.0,0.0,0.0,0.0,0.0,0.0,0.0,0.0,0.0,0.0,Lewis O'Brien
,,521,2.7,8,265,0,0,0,4,0,0,0,35,18.4,12.8,2.0,3.4,16,12,4,32,0.03,0.06,0.09,4.06,0.01,0.0,0.02,0.03,1.38,1.36,1.02,0.0,10.87,Ibrahim Sangare
,,522,1.0,2,8,0,0,0,0,0,0,0,10,7.2,3.4,2.0,1.2,3,3,0,6,0.0,0.01,0.01,0.0,0.0,0.0,0.11,0.11,0.0,0.0,0.0,0.0,67.5,Ryan Yates
0.0,,523,0.0,0,0,0,0,0,0,0,0,0,0,0.0,0.0,0.0,0.0,0,0,0,0,0.0,0.0,0.0,0.0,0.0,0.0,0.0,0.0,0.0,0.0,0.0,0.0,0.0,Eric da Silva Moreira
0.0,0.0,524,0.0,0,0,0,0,0,0,0,0,0,0,0.0,0.0,0.0,0.0,0,0,0,0,0.0,0.0,0.0,0.0,0.0,0.0,0.0,0.0,0.0,0.0,0.0,0.0,0.0,Marko Stamenic
,,525,5.7,17,237,2,0,1,2,0,0,3,65,66.2,17.2,92.0,17.1,0,3,0,3,1.59,0.07,1.66,3.19,0.6,0.0,0.03,0.63,1.21,0.76,1.14,0.38,1.14,Chris Wood
,,526,1.0,3,30,0,0,0,3,0,0,0,7,2.0,2.1,8.0,1.0,1,1,1,3,0.07,0.0,0.07,1.83,0.21,0.0,0.0,0.21,5.49,9.0,0.0,0.0,9.0,Igor Jesus Maciel da Cruz
,,527,0.0,0,0,0,0,0,0,0,0,0,0,0.0,0.0,0.0,0.0,0,0,0,0,0.0,0.0,0.0,0.0,0.0,0.0,0.0,0.0,0.0,0.0,0.0,0.0,0.0,Taiwo Awoniyi
,,669,5.7,17,205,1,1,0,2,0,0,4,55,58.6,32.3,39.0,13.0,2,10,2,14,0.1,0.36,0.46,3.07,0.04,0.0,0.16,0.2,1.35,0.88,1.32,0.0,6.15,Dan Ndoye
,,675,0.0,0,0,0,0,0,0,0,0,0,0,0.0,0.0,0.0,0.0,0,0,0,0,0.0,0.0,0.0,0.0,0.0,0.0,0.0,0.0,0.0,0.0,0.0,0.0,0.0,Angus Gunn
,,693,1.0,2,9,0,0,0,1,0,0,0,1,0.2,0.9,8.0,0.6,0,1,0,1,0.2,0.0,0.2,0.96,2.0,0.0,0.0,2.0,9.6,10.0,0.0,0.0,10.0,Omari Hutchinson
,,696,1.0,2,20,0,0,0,1,0,0,0,5,1.4,2.1,0.0,0.4,1,2,0,3,0.0,0.0,0.0,0.96,0.0,0.0,0.0,0.0,4.32,4.5,0.0,0.0,13.5,Arnaud Kalimuendo
,,699,0.0,0,0,0,0,0,0,0,0,0,0,0.0,0.0,0.0,0.0,0,0,0,0,0.0,0.0,0.0,0.0,0.0,0.0,0.0,0.0,0.0,0.0,0.0,0.0,0.0,Douglas Luiz Soares de Paulo
,,715,0.0,0,0,0,0,0,0,0,0,0,0,0.0,0.0,0.0,0.0,0,0,0,0,0.0,0.0,0.0,0.0,0.0,0.0,0.0,0.0,0.0,0.0,0.0,0.0,0.0,John Victor Maciel Furtado
,,716,0.0,0,0,0,0,0,0,0,0,0,0,0.0,0.0,0.0,0.0,0,0,0,0,0.0,0.0,0.0,0.0,0.0,0.0,0.0,0.0,0.0,0.0,0.0,0.0,0.0,Nicolo Savona
0.0,,729,0.0,0,0,0,0,0,0,0,0,0,0,0.0,0.0,0.0,0.0,0,0,0,0,0.0,0.0,0.0,0.0,0.0,0.0,0.0,0.0,0.0,0.0,0.0,0.0,0.0,Luis Eduardo Soares da Silva
,,734,0.0,0,0,0,0,0,0,0,0,0,0,0.0,0.0,0.0,0.0,0,0,0,0,0.0,0.0,0.0,0.0,0.0,0.0,0.0,0.0,0.0,0.0,0.0,0.0,0.0,Dilane Bakwa
,,528,0.0,0,0,0,0,0,0,0,0,0,0,0.0,0.0,0.0,0.0,0,0,0,0,0.0,0.0,0.0,0.0,0.0,0.0,0.0,0.0,0.0,0.0,0.0,0.0,0.0,Anthony Patterson
,,529,0.0,0,0,0,0,0,0,0,0,0,0,0.0,0.0,0.0,0.0,0,0,0,0,0.0,0.0,0.0,0.0,0.0,0.0,0.0,0.0,0.0,0.0,0.0,0.0,0.0,Simon Moore
,,530,0.0,0,0,0,0,0,0,0,0,0,0,0.0,0.0,0.0,0.0,0,0,0,0,0.0,0.0,0.0,0.0,0.0,0.0,0.0,0.0,0.0,0.0,0.0,0.0,0.0,Blondy Nna Noukeu
0.0,0.0,531,9.0,18,98,1,0,1,0,0,0,3,61,74.8,10.8,66.0,15.2,15,4,1,16,0.18,0.18,0.36,0.56,0.17,0.0,0.17,0.34,0.51,0.0,1.84,0.92,14.69,Daniel Ballard
,,532,3.0,9,270,0,0,1,3,0,0,0,40,43.0,31.9,8.0,8.3,10,8,8,18,0.07,0.13,0.2,2.76,0.02,0.0,0.04,0.06,0.92,1.0,1.0,0.33,6.0,Trai Hume
0.0,0.0,533,0.0,0,0,0,0,0,0,0,0,0,0,0.0,0.0,0.0,0.0,0,0,0,0,0.0,0.0,0.0,0.0,0.0,0.0,0.0,0.0,0.0,0.0,0.0,0.0,0.0,Aji Alese
,,534,0.0,0,0,0,0,0,0,0,0,0,0,0.0,0.0,0.0,0.0,0,0,0,0,0.0,0.0,0.0,0.0,0.0,0.0,0.0,0.0,0.0,0.0,0.0,0.0,0.0,Joe Anderson
0.0,0.0,535,0.0,0,0,0,0,0,0,0,0,0,0,0.0,0.0,0.0,0.0,0,0,0,0,0.0,0.0,0.0,0.0,0.0,0.0,0.0,0.0,0.0,0.0,0.0,0.0,0.0,Dennis Cirkin
0.0,0.0,536,0.0,0,0,0,0,0,0,0,0,0,0,0.0,0.0,0.0,0.0,0,0,0,0,0.0,0.0,0.0,0.0,0.0,0.0,0.0,0.0,0.0,0.0,0.0,0.0,0.0,Leo Fuhr Hjelde
0.0,75.0,537,0.0,0,0,0,0,0,0,0,0,0,0,0.0,0.0,0.0,0.0,0,0,0,0,0.0,0.0,0.0,0.0,0.0,0.0,0.0,0.0,0.0,0.0,0.0,0.0,0.0,Niall Huggins
,,538,0.0,0,0,0,0,0,0,0,0,0,0,0.0,0.0,0.0,0.0,0,0,0,0,0.0,0.0,0.0,0.0,0.0,0.0,0.0,0.0,0.0,0.0,0.0,0.0,0.0,Zak Johnson
0.0,0.0,539,0.0,0,0,0,0,0,0,0,0,0,0,0.0,0.0,0.0,0.0,0,0,0,0,0.0,0.0,0.0,0.0,0.0,0.0,0.0,0.0,0.0,0.0,0.0,0.0,0.0,Luke O'Nien
,,540,0.0,0,0,0,0,0,0,0,0,0,0,0.0,0.0,0.0,0.0,0,0,0,0,0.0,0.0,0.0,0.0,0.0,0.0,0.0,0.0,0.0,0.0,0.0,0.0,0.0,Timothee Pembele
,,541,3.3,10,270,0,0,1,3,1,0,0,49,52.8,15.8,6.0,7.5,19,9,10,29,0.02,0.03,0.05,2.76,0.01,0.0,0.01,0.02,0.92,1.0,1.0,0.33,9.67,Reinildo Mandava
0.0,100.0,542,1.0,2,133,0,0,0,2,0,0,0,11,33.6,2.4,0.0,3.6,8,6,4,12,0.0,0.01,0.01,1.33,0.0,0.0,0.01,0.01,0.9,1.35,0.68,0.0,8.12,Jenson Seelt
,,543,2.7,8,162,0,1,1,2,1,0,0,19,12.2,44.5,6.0,6.3,3,5,2,10,0.14,0.11,0.25,0.91,0.08,0.0,0.06,0.14,0.51,1.11,1.11,0.56,5.56,Simon Adingra
,,544,3.0,9,255,0,1,1,2,1,0,0,22,10.6,24.9,38.0,6.9,4,6,1,11,0.48,0.07,0.55,2.1,0.17,0.0,0.02,0.19,0.74,0.71,1.06,0.35,3.88,Habib Diarra
0.0,,545,1.0,1,27,0,0,0,1,0,0,0,4,1.8,7.3,5.0,1.4,0,1,0,1,0.03,0.02,0.05,0.66,0.1,0.0,0.07,0.17,2.2,3.33,0.0,0.0,3.33,Patrick Roberts
0.0,,546,0.0,0,0,0,0,0,0,0,0,0,0,0.0,0.0,0.0,0.0,0,0,0,0,0.0,0.0,0.0,0.0,0.0,0.0,0.0,0.0,0.0,0.0,0.0,0.0,0.0,Milan Aleksic
,,547,4.3,13,131,1,0,0,2,0,0,2,49,69.4,41.0,21.0,13.2,5,13,8,26,0.83,0.08,0.91,2.09,0.57,0.0,0.05,0.62,1.44,1.37,0.69,0.0,17.86,Enzo Le Fee
0.0,0.0,548,0.0,0,0,0,0,0,0,0,0,0,0,0.0,0.0,0.0,0.0,0,0,0,0,0.0,0.0,0.0,0.0,0.0,0.0,0.0,0.0,0.0,0.0,0.0,0.0,0.0,Romaine Mundle
,,549,0.0,0,0,0,0,0,0,0,0,0,0,0.0,0.0,0.0,0.0,0,0,0,0,0.0,0.0,0.0,0.0,0.0,0.0,0.0,0.0,0.0,0.0,0.0,0.0,0.0,Dan Neil
,,550,0.0,0,0,0,0,0,0,0,0,0,0,0.0,0.0,0.0,0.0,0,0,0,0,0.0,0.0,0.0,0.0,0.0,0.0,0.0,0.0,0.0,0.0,0.0,0.0,0.0,Ian Poveda-Ocampo
,,551,1.0,1,1,0,0,0,0,0,0,0,3,0.0,0.0,0.0,0.0,0,0,0,0,0.0,0.0,0.0,0.03,0.0,0.0,0.0,0.0,2.7,0.0,0.0,0.0,0.0,Chris Rigg
,,552,2.3,7,270,0,0,1,3,0,0,0,31,28.2,42.0,4.0,7.5,7,4,6,17,0.0,0.28,0.28,2.76,0.0,0.0,0.09,0.09,0.92,1.0,1.0,0.33,5.67,Noah Sadiki
,,553,3.7,11,216,0,1,2,1,0,0,0,27,28.4,43.0,12.0,8.3,2,5,3,10,0.31,0.04,0.35,1.83,0.13,0.0,0.02,0.15,0.76,0.42,1.25,0.83,4.17,Chemsdine Talbi
,,554,0.0,0,0,0,0,0,0,0,0,0,0,0.0,0.0,0.0,0.0,0,0,0,0,0.0,0.0,0.0,0.0,0.0,0.0,0.0,0.0,0.0,0.0,0.0,0.0,0.0,Abdoullah Ba
0.0,,555,0.0,0,0,0,0,0,0,0,0,0,0,0.0,0.0,0.0,0.0,0,0,0,0,0.0,0.0,0.0,0.0,0.0,0.0,0.0,0.0,0.0,0.0,0.0,0.0,0.0,Alan Browne
0.0,0.0,556,0.0,0,0,0,0,0,0,0,0,0,0,0.0,0.0,0.0,0.0,0,0,0,0,0.0,0.0,0.0,0.0,0.0,0.0,0.0,0.0,0.0,0.0,0.0,0.0,0.0,Pierre Ekwah Elimby
,,557,0.0,0,0,0,0,0,0,0,0,0,0,0.0,0.0,0.0,0.0,0,0,0,0,0.0,0.0,0.0,0.0,0.0,0.0,0.0,0.0,0.0,0.0,0.0,0.0,0.0,Harrison Jones
,,558,0.0,0,0,0,0,0,0,0,0,0,0,0.0,0.0,0.0,0.0,0,0,0,0,0.0,0.0,0.0,0.0,0.0,0.0,0.0,0.0,0.0,0.0,0.0,0.0,0.0,Jay Matete
,,559,0.0,0,0,0,0,0,0,0,0,0,0,0.0,0.0,0.0,0.0,0,0,0,0,0.0,0.0,0.0,0.0,0.0,0.0,0.0,0.0,0.0,0.0,0.0,0.0,0.0,Nectarios Triantis
,,560,4.7,14,66,2,0,0,2,0,0,3,61,72.8,0.7,56.0,12.9,1,1,2,4,0.28,0.0,0.28,1.13,0.38,0.0,0.0,0.38,1.54,2.73,0.0,0.0,5.45,Wilson Isidor
,,561,4.0,12,201,1,0,2,1,0,0,2,43,45.2,13.1,45.0,10.2,2,2,1,5,0.39,0.0,0.39,1.63,0.17,0.0,0.0,0.17,0.73,0.45,1.34,0.9,2.24,Eliezer Mayenda Dossou
,,562,0.0,0,0,0,0,0,0,0,0,0,0,0.0,0.0,0.0,0.0,0,0,0,0,0.0,0.0,0.0,0.0,0.0,0.0,0.0,0.0,0.0,0.0,0.0,0.0,0.0,Ahmed Abdullahi
,,563,0.0,0,0,0,0,0,0,0,0,0,0,0.0,0.0,0.0,0.0,0,0,0,0,0.0,0.0,0.0,0.0,0.0,0.0,0.0,0.0,0.0,0.0,0.0,0.0,0.0,Luis Hemir Silva Semedo
0.0,,564,0.0,0,0,0,0,0,0,0,0,0,0,0.0,0.0,0.0,0.0,0,0,0,0,0.0,0.0,0.0,0.0,0.0,0.0,0.0,0.0,0.0,0.0,0.0,0.0,0.0,Nazarii Rusyn
,,668,3.7,11,270,0,1,1,3,1,0,0,52,69.6,70.6,3.0,14.3,14,12,4,30,0.05,0.2,0.25,2.76,0.02,0.0,0.07,0.09,0.92,1.0,1.0,0.33,10.0,Granit Xhaka
,,670,5.7,17,270,0,0,1,3,0,0,1,54,81.6,0.0,0.0,8.1,4,27,0,0,0.0,0.0,0.0,2.76,0.0,2.33,0.0,0.0,0.92,1.0,1.0,0.33,0.0,Robin Roefs
100.0,100.0,678,0.0,0,0,0,0,0,0,0,0,0,0,0.0,0.0,0.0,0.0,0,0,0,0,0.0,0.0,0.0,0.0,0.0,0.0,0.0,0.0,0.0,0.0,0.0,0.0,0.0,Arthur Masuaku
,,683,3.0,9,217,0,1,0,3,0,0,0,36,75.0,21.3,17.0,11.3,20,11,5,25,0.11,0.15,0.26,2.43,0.05,0.0,0.06,0.11,1.01,1.24,0.83,0.0,10.37,Omar Alderete
,,694,4.0,4,90,0,0,0,1,0,0,0,18,26.4,0.6,6.0,3.3,9,1,5,14,0.07,0.0,0.07,1.2,0.07,0.0,0.0,0.07,1.2,1.0,1.0,0.0,14.0,Nordi Mukiele
,,724,0.0,0,0,0,0,0,0,0,0,0,0,0.0,0.0,0.0,0.0,0,0,0,0,0.0,0.0,0.0,0.0,0.0,0.0,0.0,0.0,0.0,0.0,0.0,0.0,0.0,Lutsharel Geertruida
,,730,0.0,0,0,0,0,0,0,0,0,0,0,0.0,0.0,0.0,0.0,0,0,0,0,0.0,0.0,0.0,0.0,0.0,0.0,0.0,0.0,0.0,0.0,0.0,0.0,0.0,Brian Brobbey
,,735,0.0,0,0,0,0,0,0,0,0,0,0,0.0,0.0,0.0,0.0,0,0,0,0,0.0,0.0,0.0,0.0,0.0,0.0,0.0,0.0,0.0,0.0,0.0,0.0,0.0,Bertrand Traore
,,565,7.0,21,270,0,0,2,1,0,0,4,89,98.4,0.1,0.0,9.8,2,26,0,0,0.0,0.01,0.01,4.08,0.0,4.33,0.0,0.0,1.36,0.33,1.0,0.67,0.0,Guglielmo Vicario
,,566,0.0,0,0,0,0,0,0,0,0,0,0,0.0,0.0,0.0,0.0,0,0,0,0,0.0,0.0,0.0,0.0,0.0,0.0,0.0,0.0,0.0,0.0,0.0,0.0,0.0,Brandon Austin
,,567,0.0,0,0,0,0,0,0,0,0,0,0,0.0,0.0,0.0,0.0,0,0,0,0,0.0,0.0,0.0,0.0,0.0,0.0,0.0,0.0,0.0,0.0,0.0,0.0,0.0,Antonin Kinsky
,,568,5.0,15,250,0,0,2,1,1,0,0,59,57.0,81.2,11.0,15.0,17,11,5,22,0.11,0.41,0.52,4.05,0.04,0.0,0.15,0.19,1.46,0.36,1.08,0.72,7.92,Pedro Porro Sauceda
,,569,5.0,15,270,0,0,2,1,1,0,0,62,60.0,2.5,8.0,7.0,17,14,5,22,0.0,0.03,0.03,4.08,0.0,0.0,0.01,0.01,1.36,0.33,1.0,0.67,7.33,Cristian Romero
,,570,1.0,1,1,0,0,0,0,0,0,0,4,4.2,0.0,0.0,0.4,2,0,0,2,0.0,0.0,0.0,0.0,0.0,0.0,0.0,0.0,0.0,0.0,0.0,0.0,180.0,Kevin Danso
,,571,0.0,0,0,0,0,0,0,0,0,0,0,0.0,0.0,0.0,0.0,0,0,0,0,0.0,0.0,0.0,0.0,0.0,0.0,0.0,0.0,0.0,0.0,0.0,0.0,0.0,Ben Davies
0.0,0.0,572,0.0,0,0,0,0,0,0,0,0,0,0,0.0,0.0,0.0,0.0,0,0,0,0,0.0,0.0,0.0,0.0,0.0,0.0,0.0,0.0,0.0,0.0,0.0,0.0,0.0,Radu Dragusin
,,573,4.3,13,270,0,0,2,1,1,0,0,49,36.6,29.4,24.0,9.0,11,11,2,13,0.18,0.11,0.29,4.08,0.06,0.0,0.04,0.1,1.36,0.33,1.0,0.67,4.33,Djed Spence
100.0,100.0,574,1.0,1,19,0,0,0,0,0,0,0,5,3.2,2.0,6.0,1.1,1,0,1,2,0.02,0.06,0.08,0.03,0.09,0.0,0.28,0.37,0.14,0.0,0.0,0.0,9.47,Destiny Udogie
,,575,4.3,13,270,0,0,2,1,1,0,0,61,48.2,3.9,14.0,6.6,17,13,2,19,0.59,0.02,0.61,4.08,0.2,0.0,0.01,0.21,1.36,0.33,1.0,0.67,6.33,Micky van de Ven
0.0,0.0,576,0.0,0,0,0,0,0,0,0,0,0,0,0.0,0.0,0.0,0.0,0,0,0,0,0.0,0.0,0.0,0.0,0.0,0.0,0.0,0.0,0.0,0.0,0.0,0.0,0.0,Ashley Phillips
50.0,50.0,577,0.0,0,0,0,0,0,0,0,0,0,0,0.0,0.0,0.0,0.0,0,0,0,0,0.0,0.0,0.0,0.0,0.0,0.0,0.0,0.0,0.0,0.0,0.0,0.0,0.0,Takai Kota
0.0,,578,0.0,0,0,0,0,0,0,0,0,0,0,0.0,0.0,0.0,0.0,0,0,0,0,0.0,0.0,0.0,0.0,0.0,0.0,0.0,0.0,0.0,0.0,0.0,0.0,0.0,Luka Vuskovic
0.0,0.0,579,0.0,0,0,0,0,0,0,0,0,0,0,0.0,0.0,0.0,0.0,0,0,0,0,0.0,0.0,0.0,0.0,0.0,0.0,0.0,0.0,0.0,0.0,0.0,0.0,0.0,Son Heung-min
,,580,6.0,18,209,2,0,2,1,1,0,2,62,85.8,43.7,44.0,17.4,3,5,5,13,0.9,0.1,1.0,3.59,0.39,0.0,0.04,0.43,1.55,0.43,1.29,0.86,5.6,Brennan Johnson
0.0,0.0,581,0.0,0,0,0,0,0,0,0,0,0,0,0.0,0.0,0.0,0.0,0,0,0,0,0.0,0.0,0.0,0.0,0.0,0.0,0.0,0.0,0.0,0.0,0.0,0.0,0.0,James Maddison
,,582,5.0,15,259,0,2,2,1,0,0,1,55,71.6,113.3,21.0,20.5,0,11,8,19,0.06,0.75,0.81,4.08,0.02,0.0,0.26,0.28,1.42,0.35,1.04,0.69,6.6,Mohammed Kudus
0.0,0.0,583,0.0,0,0,0,0,0,0,0,0,0,0,0.0,0.0,0.0,0.0,0,0,0,0,0.0,0.0,0.0,0.0,0.0,0.0,0.0,0.0,0.0,0.0,0.0,0.0,0.0,Dejan Kulusevski
,,584,1.0,2,19,0,0,0,0,0,0,0,2,4.6,0.4,1.0,0.6,0,2,3,5,0.05,0.0,0.05,0.0,0.24,0.0,0.0,0.24,0.0,0.0,0.0,0.0,23.68,Mathys Tel
,,585,2.0,6,199,0,0,1,1,0,0,0,37,24.2,18.0,2.0,4.5,4,16,4,24,0.0,0.02,0.02,3.18,0.0,0.0,0.01,0.01,1.44,0.45,0.9,0.45,10.85,Rodrigo Bentancur
,,586,1.7,5,119,0,0,1,0,0,0,0,22,23.6,15.6,54.0,9.4,4,2,3,9,0.18,0.07,0.25,1.24,0.14,0.0,0.05,0.19,0.94,0.0,0.76,0.76,6.81,Lucas Bergvall
0.0,0.0,587,0.0,0,0,0,0,0,0,0,0,0,0,0.0,0.0,0.0,0.0,0,0,0,0,0.0,0.0,0.0,0.0,0.0,0.0,0.0,0.0,0.0,0.0,0.0,0.0,0.0,Yves Bissouma
,,588,1.0,3,58,0,0,0,0,0,0,0,8,6.4,12.8,29.0,4.9,1,4,0,5,0.3,0.03,0.33,0.48,0.47,0.0,0.05,0.52,0.74,0.0,0.0,0.0,7.76,Wilson Odobert
0.0,50.0,589,0.0,0,0,0,0,0,0,0,0,0,0,0.0,0.0,0.0,0.0,0,0,0,0,0.0,0.0,0.0,0.0,0.0,0.0,0.0,0.0,0.0,0.0,0.0,0.0,0.0,Manor Solomon
,,590,0.0,0,0,0,0,0,0,0,0,0,0,0.0,0.0,0.0,0.0,0,0,0,0,0.0,0.0,0.0,0.0,0.0,0.0,0.0,0.0,0.0,0.0,0.0,0.0,0.0,Bryan Gil Salvatierra
,,591,3.0,3,70,0,0,1,0,0,0,0,13,3.6,3.0,2.0,0.9,2,5,1,8,0.0,0.05,0.05,0.89,0.0,0.0,0.06,0.06,1.14,0.0,1.29,1.29,10.29,Archie Gray
0.0,0.0,592,0.0,0,0,0,0,0,0,0,0,0,0,0.0,0.0,0.0,0.0,0,0,0,0,0.0,0.0,0.0,0.0,0.0,0.0,0.0,0.0,0.0,0.0,0.0,0.0,0.0,Mikey Moore
,,593,3.7,11,255,0,1,2,1,0,0,0,41,43.6,21.2,23.0,8.8,9,12,4,25,0.03,0.23,0.26,4.08,0.01,0.0,0.08,0.09,1.44,0.35,1.06,0.71,8.82,Pape Matar Sarr
0.0,0.0,594,0.0,0,0,0,0,0,0,0,0,0,0,0.0,0.0,0.0,0.0,0,0,0,0,0.0,0.0,0.0,0.0,0.0,0.0,0.0,0.0,0.0,0.0,0.0,0.0,0.0,Yang Min-hyeok
,,595,0.0,0,0,0,0,0,0,0,0,0,0,0.0,0.0,0.0,0.0,0,0,0,0,0.0,0.0,0.0,0.0,0.0,0.0,0.0,0.0,0.0,0.0,0.0,0.0,0.0,Callum Olusesi
100.0,100.0,596,1.0,2,31,0,0,0,0,0,0,0,10,6.0,0.3,25.0,3.1,2,0,1,3,0.2,0.0,0.2,0.22,0.58,0.0,0.0,0.58,0.64,0.0,0.0,0.0,8.71,Dominic Solanke-Mitchell
,,597,6.3,19,238,2,1,2,1,1,0,3,86,102.8,23.1,113.0,23.9,9,6,2,17,0.88,0.13,1.01,3.85,0.33,0.0,0.05,0.38,1.46,0.38,1.13,0.76,6.43,Richarlison de Andrade
0.0,0.0,598,0.0,0,0,0,0,0,0,0,0,0,0,0.0,0.0,0.0,0.0,0,0,0,0,0.0,0.0,0.0,0.0,0.0,0.0,0.0,0.0,0.0,0.0,0.0,0.0,0.0,Will Lankshear
,,599,0.0,0,0,0,0,0,0,0,0,0,0,0.0,0.0,0.0,0.0,0,0,0,0,0.0,0.0,0.0,0.0,0.0,0.0,0.0,0.0,0.0,0.0,0.0,0.0,0.0,Dane Scarlett
,,673,4.3,13,153,1,0,1,1,0,0,3,39,56.8,4.5,21.0,8.3,5,4,6,15,0.14,0.01,0.15,2.83,0.08,0.0,0.01,0.09,1.66,0.59,1.18,0.59,8.82,Joao Maria Lobo Alves Palhares Costa Palhinha Goncalves
,,717,0.0,0,0,0,0,0,0,0,0,0,0,0.0,0.0,0.0,0.0,0,0,0,0,0.0,0.0,0.0,0.0,0.0,0.0,0.0,0.0,0.0,0.0,0.0,0.0,0.0,Xavi Simons
,,726,0.0,0,0,0,0,0,0,0,0,0,0,0.0,0.0,0.0,0.0,0,0,0,0,0.0,0.0,0.0,0.0,0.0,0.0,0.0,0.0,0.0,0.0,0.0,0.0,0.0,Randal Kolo Muani
100.0,100.0,149,0.0,0,0,0,0,0,0,0,0,0,0,0.0,0.0,0.0,0.0,0,0,0,0,0.0,0.0,0.0,0.0,0.0,0.0,0.0,0.0,0.0,0.0,0.0,0.0,0.0,Igor Julio dos Santos de Paulo
,,600,0.0,0,0,0,0,0,0,0,0,0,0,0.0,0.0,0.0,0.0,0,0,0,0,0.0,0.0,0.0,0.0,0.0,0.0,0.0,0.0,0.0,0.0,0.0,0.0,0.0,Alphonse Areola
,,601,0.0,0,0,0,0,0,0,0,0,0,0,0.0,0.0,0.0,0.0,0,0,0,0,0.0,0.0,0.0,0.0,0.0,0.0,0.0,0.0,0.0,0.0,0.0,0.0,0.0,Wes Foderingham
,,602,0.0,0,0,0,0,0,0,0,0,0,0,0.0,0.0,0.0,0.0,0,0,0,0,0.0,0.0,0.0,0.0,0.0,0.0,0.0,0.0,0.0,0.0,0.0,0.0,0.0,Krisztian Hegyi
,,603,4.7,14,270,0,2,1,8,0,0,1,36,72.8,58.9,14.0,14.6,15,8,1,16,0.16,0.2,0.36,4.15,0.05,0.0,0.07,0.12,1.38,2.67,1.0,0.33,5.33,El Hadji Malick Diouf
0.0,,604,0.0,0,0,0,0,0,0,0,0,0,0,0.0,0.0,0.0,0.0,0,0,0,0,0.0,0.0,0.0,0.0,0.0,0.0,0.0,0.0,0.0,0.0,0.0,0.0,0.0,Emerson Palmieri dos Santos
,,605,2.0,6,270,0,0,1,8,1,0,0,15,48.6,16.7,7.0,7.2,18,6,4,22,0.19,0.03,0.22,4.15,0.06,0.0,0.01,0.07,1.38,2.67,1.0,0.33,7.33,Maximilian Kilman
,,606,6.0,6,90,0,0,1,0,0,0,0,24,10.2,0.4,4.0,1.5,6,1,0,6,0.06,0.01,0.07,0.73,0.06,0.0,0.01,0.07,0.73,0.0,1.0,1.0,6.0,Konstantinos Mavropanos
0.0,,607,1.5,3,180,0,0,0,8,0,0,0,-1,39.0,3.9,8.0,5.1,14,8,1,15,0.1,0.03,0.13,3.42,0.05,0.0,0.02,0.07,1.71,4.0,1.0,0.0,7.5,Nayef Aguerd
,,608,0.0,0,0,0,0,0,0,0,0,0,0,0.0,0.0,0.0,0.0,0,0,0,0,0.0,0.0,0.0,0.0,0.0,0.0,0.0,0.0,0.0,0.0,0.0,0.0,0.0,Ollie Scarles
,,609,0.5,1,126,0,0,0,5,0,0,0,0,25.2,3.4,0.0,2.9,8,2,3,11,0.0,0.01,0.01,2.26,0.0,0.0,0.01,0.01,1.61,3.57,1.43,0.0,7.86,Jean-Clair Todibo
,,610,0.5,1,180,0,0,0,8,0,0,0,1,34.8,44.5,8.0,8.8,7,8,1,8,0.0,0.13,0.13,3.42,0.0,0.0,0.06,0.06,1.71,4.0,1.0,0.0,4.0,Aaron Wan-Bissaka
0.0,0.0,611,0.0,0,0,0,0,0,0,0,0,0,0,0.0,0.0,0.0,0.0,0,0,0,0,0.0,0.0,0.0,0.0,0.0,0.0,0.0,0.0,0.0,0.0,0.0,0.0,0.0,Kaelan Casey
,,612,7.0,21,270,2,0,1,8,0,0,2,74,122.4,59.9,58.0,24.1,6,18,8,32,1.18,0.22,1.4,4.15,0.39,0.0,0.07,0.46,1.38,2.67,1.0,0.33,10.67,Lucas Tolentino Coelho de Lima
,,613,2.0,6,178,0,0,1,7,0,0,0,26,23.4,2.8,41.0,6.8,7,6,3,16,0.16,0.0,0.16,3.24,0.08,0.0,0.0,0.08,1.64,3.54,1.01,0.51,8.09,Tomas Soucek
,,614,2.3,7,234,0,0,1,6,0,0,0,47,32.8,119.0,4.0,15.6,5,7,3,15,0.11,0.44,0.55,4.04,0.04,0.0,0.17,0.21,1.55,2.31,1.15,0.38,5.77,James Ward-Prowse
100.0,0.0,615,7.0,7,8,0,2,0,0,0,0,0,24,22.6,10.7,4.0,3.7,1,3,0,4,0.0,0.02,0.02,0.04,0.0,0.0,0.22,0.22,0.45,0.0,0.0,0.0,45.0,Crysencio Summerville
0.0,0.0,616,0.0,0,0,0,0,0,0,0,0,0,0,0.0,0.0,0.0,0.0,0,0,0,0,0.0,0.0,0.0,0.0,0.0,0.0,0.0,0.0,0.0,0.0,0.0,0.0,0.0,Edson Alvarez Velazquez
0.0,,617,0.0,0,0,0,0,0,0,0,0,0,0,0.0,0.0,0.0,0.0,0,0,0,0,0.0,0.0,0.0,0.0,0.0,0.0,0.0,0.0,0.0,0.0,0.0,0.0,0.0,Maxwel Cornet
,,618,2.0,2,70,0,0,0,1,0,0,0,11,2.2,2.3,2.0,0.7,0,4,0,4,0.03,0.03,0.06,0.6,0.04,0.0,0.04,0.08,0.77,1.29,1.29,0.0,5.14,Guido Rodriguez
0.0,0.0,619,0.0,0,0,0,0,0,0,0,0,0,0,0.0,0.0,0.0,0.0,0,0,0,0,0.0,0.0,0.0,0.0,0.0,0.0,0.0,0.0,0.0,0.0,0.0,0.0,0.0,Luis Guilherme Lira dos Santos
100.0,100.0,620,0.0,0,0,0,0,0,0,0,0,0,0,0.0,0.0,0.0,0.0,0,0,0,0,0.0,0.0,0.0,0.0,0.0,0.0,0.0,0.0,0.0,0.0,0.0,0.0,0.0,George Earthy
,,621,1.0,2,23,0,0,0,1,0,0,0,11,9.8,17.2,0.0,2.7,0,2,3,5,0.0,0.06,0.06,0.08,0.0,0.0,0.23,0.23,0.31,3.91,0.0,0.0,19.57,Andy Irving
0.0,,622,0.0,0,0,0,0,0,0,0,0,0,0,0.0,0.0,0.0,0.0,0,0,0,0,0.0,0.0,0.0,0.0,0.0,0.0,0.0,0.0,0.0,0.0,0.0,0.0,0.0,Lewis Orford
,,623,1.0,1,45,0,0,0,2,0,0,0,2,6.2,2.2,2.0,1.0,1,2,1,4,0.0,0.0,0.0,1.12,0.0,0.0,0.0,0.0,2.24,4.0,0.0,0.0,8.0,Freddie Potts
,,624,4.3,13,270,1,0,1,8,0,0,3,69,70.6,59.1,73.0,20.3,2,11,4,17,0.31,0.2,0.51,4.15,0.1,0.0,0.07,0.17,1.38,2.67,1.0,0.33,5.67,Jarrod Bowen
,,625,1.7,5,198,0,0,1,6,0,0,0,8,8.0,26.3,67.0,10.1,1,2,1,4,0.29,0.1,0.39,2.84,0.13,0.0,0.05,0.18,1.29,2.73,1.36,0.45,1.82,Niclas Fullkrug
,,626,0.0,0,0,0,0,0,0,0,0,0,0,0.0,0.0,0.0,0.0,0,0,0,0,0.0,0.0,0.0,0.0,0.0,0.0,0.0,0.0,0.0,0.0,0.0,0.0,0.0,Callum Marshall
,,659,3.5,7,110,0,0,1,0,0,0,0,33,13.8,3.1,6.0,2.2,3,5,3,6,0.04,0.01,0.05,1.04,0.03,0.0,0.01,0.04,0.85,0.0,0.82,0.82,4.91,Kyle Walker-Peters
,,671,3.0,9,90,1,0,0,4,0,0,2,38,46.4,11.9,78.0,13.3,1,1,0,2,1.09,0.04,1.13,1.39,1.09,0.0,0.04,1.13,1.39,4.0,0.0,0.0,2.0,Callum Wilson
,,679,2.7,8,270,0,0,1,8,0,0,0,25,65.6,0.0,0.0,6.6,5,24,0,0,0.0,0.01,0.01,4.15,0.0,2.33,0.0,0.0,1.38,2.67,1.0,0.33,0.0,Mads Hermansen
,,708,3.0,3,81,0,0,1,0,0,0,0,15,11.0,26.4,4.0,4.1,1,7,3,11,0.0,0.1,0.1,0.7,0.0,0.0,0.11,0.11,0.78,0.0,1.11,1.11,12.22,Mateus Goncalo Espanha Fernandes
,,718,0.0,0,0,0,0,0,0,0,0,0,0,0.0,0.0,0.0,0.0,0,0,0,0,0.0,0.0,0.0,0.0,0.0,0.0,0.0,0.0,0.0,0.0,0.0,0.0,0.0,Soungoutou Magassa
,,627,0.0,0,0,0,0,0,0,0,0,0,0,0.0,0.0,0.0,0.0,0,0,0,0,0.0,0.0,0.0,0.0,0.0,0.0,0.0,0.0,0.0,0.0,0.0,0.0,0.0,Sam Johnstone
,,628,1.3,4,270,0,0,0,8,0,0,0,7,36.2,10.0,0.0,4.7,3,30,0,0,0.0,0.03,0.03,5.69,0.0,1.33,0.01,0.01,1.9,2.67,1.0,0.0,0.0,Jose Malheiro de Sa
,,629,0.0,0,0,0,0,0,0,0,0,0,0,0.0,0.0,0.0,0.0,0,0,0,0,0.0,0.0,0.0,0.0,0.0,0.0,0.0,0.0,0.0,0.0,0.0,0.0,0.0,Daniel Bentley
,,631,1.7,5,270,0,0,0,8,0,0,0,14,69.0,12.1,9.0,9.0,23,13,4,27,0.25,0.05,0.3,5.69,0.08,0.0,0.02,0.1,1.9,2.67,1.0,0.0,9.0,Emmanuel Agbadou
,,632,0.0,0,180,0,0,0,5,2,0,0,4,29.0,7.7,0.0,3.7,8,8,6,14,0.0,0.03,0.03,3.76,0.0,0.0,0.02,0.02,1.88,2.5,1.0,0.0,7.0,Matt Doherty
75.0,,633,0.7,2,137,0,0,0,4,1,0,0,9,32.0,50.3,25.0,10.8,7,7,6,13,0.06,0.15,0.21,2.65,0.04,0.0,0.1,0.14,1.74,2.63,0.66,0.0,8.54,Hugo Bueno Lopez
,,634,0.0,0,0,0,0,0,0,0,0,0,0,0.0,0.0,0.0,0.0,0,0,0,0,0.0,0.0,0.0,0.0,0.0,0.0,0.0,0.0,0.0,0.0,0.0,0.0,0.0,Yerson Mosquera Valdelamar
,,635,4.0,8,44,1,0,0,1,0,0,0,15,34.4,2.2,31.0,6.7,1,3,2,3,0.37,0.01,0.38,0.42,0.76,0.0,0.02,0.78,0.86,2.05,0.0,0.0,6.14,Rodrigo Martins Gomes
,,636,2.0,4,124,0,0,0,3,0,0,0,10,33.8,19.4,2.0,5.5,10,4,4,14,0.0,0.05,0.05,2.39,0.0,0.0,0.04,0.04,1.73,2.18,0.73,0.0,10.16,Santiago Ignacio Bueno
,,637,0.3,1,228,0,0,0,8,0,1,0,0,50.0,23.2,8.0,8.1,14,12,7,21,0.03,0.01,0.04,5.12,0.01,0.0,0.0,0.01,2.02,3.16,1.18,0.0,8.29,Toti Gomes
75.0,75.0,638,1.0,2,106,0,0,0,4,0,0,0,1,22.8,34.2,2.0,5.9,6,2,2,8,0.0,0.24,0.24,2.85,0.0,0.0,0.2,0.2,2.42,3.4,1.7,0.0,6.79,Ki-Jana Hoever
0.0,0.0,639,0.0,0,0,0,0,0,0,0,0,0,0,0.0,0.0,0.0,0.0,0,0,0,0,0.0,0.0,0.0,0.0,0.0,0.0,0.0,0.0,0.0,0.0,0.0,0.0,0.0,Bastien Meupiyou Menadjou
0.0,,640,0.0,0,0,0,0,0,0,0,0,0,0,0.0,0.0,0.0,0.0,0,0,0,0,0.0,0.0,0.0,0.0,0.0,0.0,0.0,0.0,0.0,0.0,0.0,0.0,0.0,Pedro Cardoso de Lima
,,641,0.0,0,0,0,0,0,0,0,0,0,0,0.0,0.0,0.0,0.0,0,0,0,0,0.0,0.0,0.0,0.0,0.0,0.0,0.0,0.0,0.0,0.0,0.0,0.0,0.0,Alfie Pond
,,642,3.0,9,95,1,0,0,3,0,0,0,30,38.2,11.0,17.0,6.6,2,0,1,3,0.42,0.02,0.44,2.19,0.4,0.0,0.02,0.42,2.07,2.84,0.95,0.0,2.84,Hwang Hee-chan
,,643,2.3,7,179,0,0,0,6,0,0,0,34,23.6,6.7,0.0,3.0,5,17,7,29,0.0,0.03,0.03,4.54,0.0,0.0,0.02,0.02,2.28,3.02,1.01,0.0,14.58,Andre Trindade da Costa Neto
,,644,1.3,4,143,0,0,0,4,0,0,0,16,12.8,37.7,16.0,6.6,2,2,4,8,0.08,0.13,0.21,3.12,0.05,0.0,0.08,0.13,1.96,2.52,1.26,0.0,5.03,Jean-Ricner Bellegarde
,,645,1.0,2,44,0,0,0,1,0,0,0,5,3.4,10.3,21.0,3.4,0,1,0,1,0.11,0.03,0.14,0.42,0.22,0.0,0.06,0.28,0.86,2.05,0.0,0.0,2.05,Fer Lopez Gonzalez
,,646,1.7,5,270,0,0,0,8,1,0,0,48,33.6,33.0,7.0,7.4,6,12,7,25,0.01,0.09,0.1,5.69,0.0,0.0,0.03,0.03,1.9,2.67,1.0,0.0,8.33,Joao Victor Gomes da Silva
0.0,0.0,647,0.0,0,0,0,0,0,0,0,0,0,0,0.0,0.0,0.0,0.0,0,0,0,0,0.0,0.0,0.0,0.0,0.0,0.0,0.0,0.0,0.0,0.0,0.0,0.0,0.0,Goncalo Manuel Ganchinho Guedes
,,648,3.0,9,270,0,1,0,8,0,0,0,33,36.0,33.2,18.0,8.7,3,6,5,14,0.14,0.09,0.23,5.69,0.05,0.0,0.03,0.08,1.9,2.67,1.0,0.0,4.67,Marshall Munetsi
0.0,0.0,649,0.0,0,0,0,0,0,0,0,0,0,0,0.0,0.0,0.0,0.0,0,0,0,0,0.0,0.0,0.0,0.0,0.0,0.0,0.0,0.0,0.0,0.0,0.0,0.0,0.0,Boubacar Traore
,,650,0.0,0,0,0,0,0,0,0,0,0,0,0.0,0.0,0.0,0.0,0,0,0,0,0.0,0.0,0.0,0.0,0.0,0.0,0.0,0.0,0.0,0.0,0.0,0.0,0.0,Tawanda Chirewa
,,651,0.0,0,0,0,0,0,0,0,0,0,0,0.0,0.0,0.0,0.0,0,0,0,0,0.0,0.0,0.0,0.0,0.0,0.0,0.0,0.0,0.0,0.0,0.0,0.0,0.0,Tom Edozie
,,652,0.0,0,0,0,0,0,0,0,0,0,0,0.0,0.0,0.0,0.0,0,0,0,0,0.0,0.0,0.0,0.0,0.0,0.0,0.0,0.0,0.0,0.0,0.0,0.0,0.0,Enso Gonzalez Medina
0.0,0.0,653,0.0,0,0,0,0,0,0,0,0,0,0,0.0,0.0,0.0,0.0,0,0,0,0,0.0,0.0,0.0,0.0,0.0,0.0,0.0,0.0,0.0,0.0,0.0,0.0,0.0,Joe Hodge
75.0,75.0,654,2.0,4,158,0,0,0,5,0,0,0,12,14.2,6.1,68.0,8.8,4,1,1,6,0.48,0.02,0.5,3.41,0.27,0.0,0.01,0.28,1.94,2.85,1.14,0.0,3.42,Jorgen Strand Larsen
0.0,,655,0.0,0,0,0,0,0,0,0,0,0,0,0.0,0.0,0.0,0.0,0,0,0,0,0.0,0.0,0.0,0.0,0.0,0.0,0.0,0.0,0.0,0.0,0.0,0.0,0.0,Fabio Soares Silva
0.0,,656,1.0,1,14,0,0,0,0,0,0,0,1,1.0,4.3,2.0,0.7,1,1,0,2,0.0,0.01,0.01,0.1,0.0,0.0,0.06,0.06,0.64,0.0,0.0,0.0,12.86,Sasa Kalajdzic
0.0,0.0,657,0.0,0,0,0,0,0,0,0,0,0,0,0.0,0.0,0.0,0.0,0,0,0,0,0.0,0.0,0.0,0.0,0.0,0.0,0.0,0.0,0.0,0.0,0.0,0.0,0.0,Leon Chiwome
,,658,0.0,0,0,0,0,0,0,0,0,0,0,0.0,0.0,0.0,0.0,0,0,0,0,0.0,0.0,0.0,0.0,0.0,0.0,0.0,0.0,0.0,0.0,0.0,0.0,0.0,Nathan Fraser
,,663,1.3,4,135,0,0,0,5,0,0,0,19,23.4,18.6,19.0,6.1,2,5,10,17,0.17,0.05,0.22,2.82,0.11,0.0,0.03,0.14,1.88,3.33,1.33,0.0,11.33,Jhon Arias
,,682,2.0,6,131,0,1,0,4,0,0,0,16,30.6,16.1,4.0,5.1,4,4,2,6,0.0,0.12,0.12,3.04,0.0,0.0,0.08,0.08,2.09,2.75,1.37,0.0,4.12,David Moller Wolfe
,,695,1.0,2,117,0,0,0,3,0,0,0,2,19.6,23.1,6.0,4.8,6,5,1,7,0.0,0.03,0.03,2.41,0.0,0.0,0.02,0.02,1.85,2.31,0.77,0.0,5.38,Jackson Tchatchoua
,,709,0.0,0,0,0,0,0,0,0,0,0,0,0.0,0.0,0.0,0.0,0,0,0,0,0.0,0.0,0.0,0.0,0.0,0.0,0.0,0.0,0.0,0.0,0.0,0.0,0.0,Ladislav Krejci
,,720,0.0,0,0,0,0,0,0,0,0,0,0,0.0,0.0,0.0,0.0,0,0,0,0,0.0,0.0,0.0,0.0,0.0,0.0,0.0,0.0,0.0,0.0,0.0,0.0,0.0,Tolu Arokodare
